complex8	['SDBW', 'IIndex', 'Banfeld_Raferty']	1.0
complex8	['SDBW', 'modified_hubert_t', 'Banfeld_Raferty']	1.0
complex8	['IIndex', 'modified_hubert_t', 'Banfeld_Raferty']	1.0
complex8	['i_index', 'Scott_Symons', 'Banfeld_Raferty']	0.3699248120300751
complex8	['McClain_Rao', 'Dunns_index', 'Banfeld_Raferty']	-0.4526315789473684
3MC	['SDBW', 'IIndex', 'Banfeld_Raferty']	1.0
3MC	['SDBW', 'modified_hubert_t', 'Banfeld_Raferty']	1.0
3MC	['IIndex', 'modified_hubert_t', 'Banfeld_Raferty']	1.0
3MC	['McClain_Rao', 'Dunns_index', 'Banfeld_Raferty']	0.0781954887218045
3MC	['i_index', 'Scott_Symons', 'Banfeld_Raferty']	-0.156390977443609
cure-t0-2000n-2D	['SDBW', 'IIndex', 'Banfeld_Raferty']	1.0
cure-t0-2000n-2D	['SDBW', 'modified_hubert_t', 'Banfeld_Raferty']	1.0
cure-t0-2000n-2D	['IIndex', 'modified_hubert_t', 'Banfeld_Raferty']	1.0
cure-t0-2000n-2D	['i_index', 'Scott_Symons', 'Banfeld_Raferty']	0.4120300751879699
cure-t0-2000n-2D	['McClain_Rao', 'Dunns_index', 'Banfeld_Raferty']	-0.6616541353383457
square3	['SDBW', 'IIndex', 'Banfeld_Raferty']	1.0
square3	['SDBW', 'modified_hubert_t', 'Banfeld_Raferty']	1.0
square3	['IIndex', 'modified_hubert_t', 'Banfeld_Raferty']	1.0
square3	['i_index', 'Scott_Symons', 'Banfeld_Raferty']	-0.07518796992481201
square3	['McClain_Rao', 'Dunns_index', 'Banfeld_Raferty']	-0.7263157894736841
cassini	['SDBW', 'IIndex', 'Banfeld_Raferty']	1.0
cassini	['SDBW', 'modified_hubert_t', 'Banfeld_Raferty']	1.0
cassini	['IIndex', 'modified_hubert_t', 'Banfeld_Raferty']	1.0
cassini	['i_index', 'Scott_Symons', 'Banfeld_Raferty']	0.29624060150375936
cassini	['McClain_Rao', 'Dunns_index', 'Banfeld_Raferty']	-0.47368421052631576
donut1	['SDBW', 'IIndex', 'Banfeld_Raferty']	1.0
donut1	['SDBW', 'modified_hubert_t', 'Banfeld_Raferty']	1.0
donut1	['IIndex', 'modified_hubert_t', 'Banfeld_Raferty']	1.0
donut1	['McClain_Rao', 'Dunns_index', 'Banfeld_Raferty']	0.06466165413533834
donut1	['i_index', 'Scott_Symons', 'Banfeld_Raferty']	-0.06616541353383458
disk-5000n	['SDBW', 'IIndex', 'Banfeld_Raferty']	1.0
disk-5000n	['SDBW', 'modified_hubert_t', 'Banfeld_Raferty']	1.0
disk-5000n	['IIndex', 'modified_hubert_t', 'Banfeld_Raferty']	1.0
disk-5000n	['i_index', 'Scott_Symons', 'Banfeld_Raferty']	0.42105263157894735
disk-5000n	['McClain_Rao', 'Dunns_index', 'Banfeld_Raferty']	-0.26766917293233083
2d-3c-no123	['SDBW', 'IIndex', 'Banfeld_Raferty']	1.0
2d-3c-no123	['SDBW', 'modified_hubert_t', 'Banfeld_Raferty']	1.0
2d-3c-no123	['IIndex', 'modified_hubert_t', 'Banfeld_Raferty']	1.0
2d-3c-no123	['i_index', 'Scott_Symons', 'Banfeld_Raferty']	0.3142857142857143
2d-3c-no123	['McClain_Rao', 'Dunns_index', 'Banfeld_Raferty']	0.025563909774436087
dartboard1	['SDBW', 'IIndex', 'Banfeld_Raferty']	1.0
dartboard1	['SDBW', 'modified_hubert_t', 'Banfeld_Raferty']	1.0
dartboard1	['IIndex', 'modified_hubert_t', 'Banfeld_Raferty']	1.0
dartboard1	['McClain_Rao', 'Dunns_index', 'Banfeld_Raferty']	0.49022556390977434
dartboard1	['i_index', 'Scott_Symons', 'Banfeld_Raferty']	0.306766917293233
cure-t2-4k	['SDBW', 'IIndex', 'Banfeld_Raferty']	1.0
cure-t2-4k	['SDBW', 'modified_hubert_t', 'Banfeld_Raferty']	1.0
cure-t2-4k	['IIndex', 'modified_hubert_t', 'Banfeld_Raferty']	1.0
cure-t2-4k	['i_index', 'Scott_Symons', 'Banfeld_Raferty']	0.17142857142857143
cure-t2-4k	['McClain_Rao', 'Dunns_index', 'Banfeld_Raferty']	-0.3383458646616541
ecoli	['SDBW', 'IIndex', 'Banfeld_Raferty']	1.0
ecoli	['SDBW', 'modified_hubert_t', 'Banfeld_Raferty']	1.0
ecoli	['IIndex', 'modified_hubert_t', 'Banfeld_Raferty']	1.0
ecoli	['i_index', 'Scott_Symons', 'Banfeld_Raferty']	-0.009022556390977442
ecoli	['McClain_Rao', 'Dunns_index', 'Banfeld_Raferty']	-0.5804511278195488
pathbased	['SDBW', 'IIndex', 'Banfeld_Raferty']	1.0
pathbased	['SDBW', 'modified_hubert_t', 'Banfeld_Raferty']	1.0
pathbased	['IIndex', 'modified_hubert_t', 'Banfeld_Raferty']	1.0
pathbased	['i_index', 'Scott_Symons', 'Banfeld_Raferty']	-0.23759398496240602
pathbased	['McClain_Rao', 'Dunns_index', 'Banfeld_Raferty']	-0.6090225563909774
complex9	['SDBW', 'IIndex', 'Banfeld_Raferty']	1.0
complex9	['SDBW', 'modified_hubert_t', 'Banfeld_Raferty']	1.0
complex9	['IIndex', 'modified_hubert_t', 'Banfeld_Raferty']	1.0
complex9	['McClain_Rao', 'Dunns_index', 'Banfeld_Raferty']	0.25864661654135335
complex9	['i_index', 'Scott_Symons', 'Banfeld_Raferty']	-0.48872180451127817
threenorm	['SDBW', 'IIndex', 'Banfeld_Raferty']	1.0
threenorm	['SDBW', 'modified_hubert_t', 'Banfeld_Raferty']	1.0
threenorm	['IIndex', 'modified_hubert_t', 'Banfeld_Raferty']	1.0
threenorm	['i_index', 'Scott_Symons', 'Banfeld_Raferty']	-0.04661654135338346
threenorm	['McClain_Rao', 'Dunns_index', 'Banfeld_Raferty']	-0.11278195488721804
circle	['SDBW', 'IIndex', 'Banfeld_Raferty']	1.0
circle	['SDBW', 'modified_hubert_t', 'Banfeld_Raferty']	1.0
circle	['IIndex', 'modified_hubert_t', 'Banfeld_Raferty']	1.0
circle	['i_index', 'Scott_Symons', 'Banfeld_Raferty']	0.16842105263157892
circle	['McClain_Rao', 'Dunns_index', 'Banfeld_Raferty']	-0.10977443609022557
DS-850	['SDBW', 'IIndex', 'Banfeld_Raferty']	1.0
DS-850	['SDBW', 'modified_hubert_t', 'Banfeld_Raferty']	1.0
DS-850	['IIndex', 'modified_hubert_t', 'Banfeld_Raferty']	1.0
DS-850	['i_index', 'Scott_Symons', 'Banfeld_Raferty']	0.32481203007518794
DS-850	['McClain_Rao', 'Dunns_index', 'Banfeld_Raferty']	-0.16541353383458643
blobs	['SDBW', 'IIndex', 'Banfeld_Raferty']	1.0
blobs	['SDBW', 'modified_hubert_t', 'Banfeld_Raferty']	1.0
blobs	['IIndex', 'modified_hubert_t', 'Banfeld_Raferty']	1.0
blobs	['McClain_Rao', 'Dunns_index', 'Banfeld_Raferty']	-0.156390977443609
blobs	['i_index', 'Scott_Symons', 'Banfeld_Raferty']	-0.30075187969924805
ds4c2sc8	['SDBW', 'IIndex', 'Banfeld_Raferty']	1.0
ds4c2sc8	['SDBW', 'modified_hubert_t', 'Banfeld_Raferty']	1.0
ds4c2sc8	['IIndex', 'modified_hubert_t', 'Banfeld_Raferty']	1.0
ds4c2sc8	['i_index', 'Scott_Symons', 'Banfeld_Raferty']	0.1609022556390977
ds4c2sc8	['McClain_Rao', 'Dunns_index', 'Banfeld_Raferty']	-0.5548872180451127
donut2	['SDBW', 'IIndex', 'Banfeld_Raferty']	1.0
donut2	['SDBW', 'modified_hubert_t', 'Banfeld_Raferty']	1.0
donut2	['IIndex', 'modified_hubert_t', 'Banfeld_Raferty']	1.0
donut2	['i_index', 'Scott_Symons', 'Banfeld_Raferty']	0.9578947368421054
donut2	['McClain_Rao', 'Dunns_index', 'Banfeld_Raferty']	-0.5714285714285714
DS-577	['SDBW', 'IIndex', 'Banfeld_Raferty']	1.0
DS-577	['SDBW', 'modified_hubert_t', 'Banfeld_Raferty']	1.0
DS-577	['IIndex', 'modified_hubert_t', 'Banfeld_Raferty']	1.0
DS-577	['i_index', 'Scott_Symons', 'Banfeld_Raferty']	0.524812030075188
DS-577	['McClain_Rao', 'Dunns_index', 'Banfeld_Raferty']	0.2571428571428572
aml28	['SDBW', 'IIndex', 'Banfeld_Raferty']	1.0
aml28	['SDBW', 'modified_hubert_t', 'Banfeld_Raferty']	1.0
aml28	['IIndex', 'modified_hubert_t', 'Banfeld_Raferty']	1.0
aml28	['McClain_Rao', 'Dunns_index', 'Banfeld_Raferty']	-0.5082706766917292
aml28	['i_index', 'Scott_Symons', 'Banfeld_Raferty']	-0.6345864661654135
sizes2	['SDBW', 'IIndex', 'Banfeld_Raferty']	1.0
sizes2	['SDBW', 'modified_hubert_t', 'Banfeld_Raferty']	1.0
sizes2	['IIndex', 'modified_hubert_t', 'Banfeld_Raferty']	1.0
sizes2	['i_index', 'Scott_Symons', 'Banfeld_Raferty']	0.08571428571428572
sizes2	['McClain_Rao', 'Dunns_index', 'Banfeld_Raferty']	-0.30075187969924805
spherical_5_2	['SDBW', 'IIndex', 'Banfeld_Raferty']	1.0
spherical_5_2	['SDBW', 'modified_hubert_t', 'Banfeld_Raferty']	1.0
spherical_5_2	['IIndex', 'modified_hubert_t', 'Banfeld_Raferty']	1.0
spherical_5_2	['i_index', 'Scott_Symons', 'Banfeld_Raferty']	0.2706766917293233
spherical_5_2	['McClain_Rao', 'Dunns_index', 'Banfeld_Raferty']	0.0
balance-scale	['SDBW', 'IIndex', 'Banfeld_Raferty']	1.0
balance-scale	['SDBW', 'modified_hubert_t', 'Banfeld_Raferty']	1.0
balance-scale	['IIndex', 'modified_hubert_t', 'Banfeld_Raferty']	1.0
balance-scale	['i_index', 'Scott_Symons', 'Banfeld_Raferty']	0.4541353383458646
balance-scale	['McClain_Rao', 'Dunns_index', 'Banfeld_Raferty']	-0.2857142857142857
spiral	['SDBW', 'IIndex', 'Banfeld_Raferty']	1.0
spiral	['SDBW', 'modified_hubert_t', 'Banfeld_Raferty']	1.0
spiral	['IIndex', 'modified_hubert_t', 'Banfeld_Raferty']	1.0
spiral	['i_index', 'Scott_Symons', 'Banfeld_Raferty']	-0.2992481203007519
spiral	['McClain_Rao', 'Dunns_index', 'Banfeld_Raferty']	-0.38345864661654133
hypercube	['SDBW', 'IIndex', 'Banfeld_Raferty']	1.0
hypercube	['SDBW', 'modified_hubert_t', 'Banfeld_Raferty']	1.0
hypercube	['IIndex', 'modified_hubert_t', 'Banfeld_Raferty']	1.0
hypercube	['i_index', 'Scott_Symons', 'Banfeld_Raferty']	0.08721804511278194
hypercube	['McClain_Rao', 'Dunns_index', 'Banfeld_Raferty']	-0.19248120300751878
xor	['SDBW', 'IIndex', 'Banfeld_Raferty']	1.0
xor	['SDBW', 'modified_hubert_t', 'Banfeld_Raferty']	1.0
xor	['IIndex', 'modified_hubert_t', 'Banfeld_Raferty']	1.0
xor	['McClain_Rao', 'Dunns_index', 'Banfeld_Raferty']	0.14736842105263157
xor	['i_index', 'Scott_Symons', 'Banfeld_Raferty']	-0.20601503759398496
2d-20c-no0	['SDBW', 'IIndex', 'Banfeld_Raferty']	1.0
2d-20c-no0	['SDBW', 'modified_hubert_t', 'Banfeld_Raferty']	1.0
2d-20c-no0	['IIndex', 'modified_hubert_t', 'Banfeld_Raferty']	1.0
2d-20c-no0	['i_index', 'Scott_Symons', 'Banfeld_Raferty']	0.5488721804511278
2d-20c-no0	['McClain_Rao', 'Dunns_index', 'Banfeld_Raferty']	-0.6180451127819548
flame	['SDBW', 'IIndex', 'Banfeld_Raferty']	1.0
flame	['SDBW', 'modified_hubert_t', 'Banfeld_Raferty']	1.0
flame	['IIndex', 'modified_hubert_t', 'Banfeld_Raferty']	1.0
flame	['i_index', 'Scott_Symons', 'Banfeld_Raferty']	-0.015037593984962403
flame	['McClain_Rao', 'Dunns_index', 'Banfeld_Raferty']	-0.48872180451127817
donutcurves	['SDBW', 'IIndex', 'Banfeld_Raferty']	1.0
donutcurves	['SDBW', 'modified_hubert_t', 'Banfeld_Raferty']	1.0
donutcurves	['IIndex', 'modified_hubert_t', 'Banfeld_Raferty']	1.0
donutcurves	['McClain_Rao', 'Dunns_index', 'Banfeld_Raferty']	-0.12180451127819547
donutcurves	['i_index', 'Scott_Symons', 'Banfeld_Raferty']	-0.3759398496240601
disk-4600n	['SDBW', 'IIndex', 'Banfeld_Raferty']	1.0
disk-4600n	['SDBW', 'modified_hubert_t', 'Banfeld_Raferty']	1.0
disk-4600n	['IIndex', 'modified_hubert_t', 'Banfeld_Raferty']	1.0
disk-4600n	['i_index', 'Scott_Symons', 'Banfeld_Raferty']	0.06466165413533834
disk-4600n	['McClain_Rao', 'Dunns_index', 'Banfeld_Raferty']	-0.6015037593984961
haberman	['SDBW', 'IIndex', 'Banfeld_Raferty']	1.0
haberman	['SDBW', 'modified_hubert_t', 'Banfeld_Raferty']	1.0
haberman	['IIndex', 'modified_hubert_t', 'Banfeld_Raferty']	1.0
haberman	['i_index', 'Scott_Symons', 'Banfeld_Raferty']	-0.13984962406015036
haberman	['McClain_Rao', 'Dunns_index', 'Banfeld_Raferty']	-0.30526315789473685
iono	['SDBW', 'IIndex', 'Banfeld_Raferty']	1.0
iono	['SDBW', 'modified_hubert_t', 'Banfeld_Raferty']	1.0
iono	['IIndex', 'modified_hubert_t', 'Banfeld_Raferty']	1.0
iono	['i_index', 'Scott_Symons', 'Banfeld_Raferty']	0.45563909774436084
iono	['McClain_Rao', 'Dunns_index', 'Banfeld_Raferty']	-0.007518796992481202
R15	['SDBW', 'IIndex', 'Banfeld_Raferty']	1.0
R15	['SDBW', 'modified_hubert_t', 'Banfeld_Raferty']	1.0
R15	['IIndex', 'modified_hubert_t', 'Banfeld_Raferty']	1.0
R15	['McClain_Rao', 'Dunns_index', 'Banfeld_Raferty']	0.5157894736842105
R15	['i_index', 'Scott_Symons', 'Banfeld_Raferty']	-0.08872180451127819
lsun	['SDBW', 'IIndex', 'Banfeld_Raferty']	1.0
lsun	['SDBW', 'modified_hubert_t', 'Banfeld_Raferty']	1.0
lsun	['IIndex', 'modified_hubert_t', 'Banfeld_Raferty']	1.0
lsun	['i_index', 'Scott_Symons', 'Banfeld_Raferty']	0.3488721804511278
lsun	['McClain_Rao', 'Dunns_index', 'Banfeld_Raferty']	0.1413533834586466
2d-4c-no9	['SDBW', 'IIndex', 'Banfeld_Raferty']	1.0
2d-4c-no9	['SDBW', 'modified_hubert_t', 'Banfeld_Raferty']	1.0
2d-4c-no9	['IIndex', 'modified_hubert_t', 'Banfeld_Raferty']	1.0
2d-4c-no9	['i_index', 'Scott_Symons', 'Banfeld_Raferty']	0.6150375939849623
2d-4c-no9	['McClain_Rao', 'Dunns_index', 'Banfeld_Raferty']	-0.4285714285714286
long3	['SDBW', 'IIndex', 'Banfeld_Raferty']	1.0
long3	['SDBW', 'modified_hubert_t', 'Banfeld_Raferty']	1.0
long3	['IIndex', 'modified_hubert_t', 'Banfeld_Raferty']	1.0
long3	['McClain_Rao', 'Dunns_index', 'Banfeld_Raferty']	0.11278195488721804
long3	['i_index', 'Scott_Symons', 'Banfeld_Raferty']	0.04060150375939849
sizes5	['SDBW', 'IIndex', 'Banfeld_Raferty']	1.0
sizes5	['SDBW', 'modified_hubert_t', 'Banfeld_Raferty']	1.0
sizes5	['IIndex', 'modified_hubert_t', 'Banfeld_Raferty']	1.0
sizes5	['McClain_Rao', 'Dunns_index', 'Banfeld_Raferty']	-0.10977443609022557
sizes5	['i_index', 'Scott_Symons', 'Banfeld_Raferty']	-0.4330827067669173
smile2	['SDBW', 'IIndex', 'Banfeld_Raferty']	1.0
smile2	['SDBW', 'modified_hubert_t', 'Banfeld_Raferty']	1.0
smile2	['IIndex', 'modified_hubert_t', 'Banfeld_Raferty']	1.0
smile2	['i_index', 'Scott_Symons', 'Banfeld_Raferty']	0.4676691729323308
smile2	['McClain_Rao', 'Dunns_index', 'Banfeld_Raferty']	-0.5398496240601504
longsquare	['SDBW', 'IIndex', 'Banfeld_Raferty']	1.0
longsquare	['SDBW', 'modified_hubert_t', 'Banfeld_Raferty']	1.0
longsquare	['IIndex', 'modified_hubert_t', 'Banfeld_Raferty']	1.0
longsquare	['i_index', 'Scott_Symons', 'Banfeld_Raferty']	-0.20751879699248119
longsquare	['McClain_Rao', 'Dunns_index', 'Banfeld_Raferty']	-0.7729323308270677
gaussians1	['SDBW', 'IIndex', 'Banfeld_Raferty']	1.0
gaussians1	['SDBW', 'modified_hubert_t', 'Banfeld_Raferty']	1.0
gaussians1	['IIndex', 'modified_hubert_t', 'Banfeld_Raferty']	1.0
gaussians1	['McClain_Rao', 'Dunns_index', 'Banfeld_Raferty']	-0.16541353383458643
gaussians1	['i_index', 'Scott_Symons', 'Banfeld_Raferty']	-0.22105263157894736
twodiamonds	['SDBW', 'IIndex', 'Banfeld_Raferty']	1.0
twodiamonds	['SDBW', 'modified_hubert_t', 'Banfeld_Raferty']	1.0
twodiamonds	['IIndex', 'modified_hubert_t', 'Banfeld_Raferty']	1.0
twodiamonds	['McClain_Rao', 'Dunns_index', 'Banfeld_Raferty']	0.17293233082706763
twodiamonds	['i_index', 'Scott_Symons', 'Banfeld_Raferty']	-0.16691729323308271
diamond9	['SDBW', 'IIndex', 'Banfeld_Raferty']	1.0
diamond9	['SDBW', 'modified_hubert_t', 'Banfeld_Raferty']	1.0
diamond9	['IIndex', 'modified_hubert_t', 'Banfeld_Raferty']	1.0
diamond9	['i_index', 'Scott_Symons', 'Banfeld_Raferty']	0.15939849624060148
diamond9	['McClain_Rao', 'Dunns_index', 'Banfeld_Raferty']	-0.1744360902255639
sizes4	['SDBW', 'IIndex', 'Banfeld_Raferty']	1.0
sizes4	['SDBW', 'modified_hubert_t', 'Banfeld_Raferty']	1.0
sizes4	['IIndex', 'modified_hubert_t', 'Banfeld_Raferty']	1.0
sizes4	['i_index', 'Scott_Symons', 'Banfeld_Raferty']	-0.08872180451127819
sizes4	['McClain_Rao', 'Dunns_index', 'Banfeld_Raferty']	-0.437593984962406
elly-2d10c13s	['SDBW', 'IIndex', 'Banfeld_Raferty']	1.0
elly-2d10c13s	['SDBW', 'modified_hubert_t', 'Banfeld_Raferty']	1.0
elly-2d10c13s	['IIndex', 'modified_hubert_t', 'Banfeld_Raferty']	1.0
elly-2d10c13s	['i_index', 'Scott_Symons', 'Banfeld_Raferty']	0.20751879699248119
elly-2d10c13s	['McClain_Rao', 'Dunns_index', 'Banfeld_Raferty']	-0.5172932330827067
d31	['SDBW', 'IIndex', 'Banfeld_Raferty']	1.0
d31	['SDBW', 'modified_hubert_t', 'Banfeld_Raferty']	1.0
d31	['IIndex', 'modified_hubert_t', 'Banfeld_Raferty']	1.0
d31	['i_index', 'Scott_Symons', 'Banfeld_Raferty']	0.6345864661654135
d31	['McClain_Rao', 'Dunns_index', 'Banfeld_Raferty']	0.4330827067669173
zelnik4	['SDBW', 'IIndex', 'Banfeld_Raferty']	1.0
zelnik4	['SDBW', 'modified_hubert_t', 'Banfeld_Raferty']	1.0
zelnik4	['IIndex', 'modified_hubert_t', 'Banfeld_Raferty']	1.0
zelnik4	['i_index', 'Scott_Symons', 'Banfeld_Raferty']	-0.051127819548872175
zelnik4	['McClain_Rao', 'Dunns_index', 'Banfeld_Raferty']	-0.14436090225563908
disk-4500n	['SDBW', 'IIndex', 'Banfeld_Raferty']	1.0
disk-4500n	['SDBW', 'modified_hubert_t', 'Banfeld_Raferty']	1.0
disk-4500n	['IIndex', 'modified_hubert_t', 'Banfeld_Raferty']	1.0
disk-4500n	['i_index', 'Scott_Symons', 'Banfeld_Raferty']	-0.06616541353383458
disk-4500n	['McClain_Rao', 'Dunns_index', 'Banfeld_Raferty']	-0.20601503759398496
3-spiral	['SDBW', 'IIndex', 'Banfeld_Raferty']	1.0
3-spiral	['SDBW', 'modified_hubert_t', 'Banfeld_Raferty']	1.0
3-spiral	['IIndex', 'modified_hubert_t', 'Banfeld_Raferty']	1.0
3-spiral	['i_index', 'Scott_Symons', 'Banfeld_Raferty']	0.08270676691729321
3-spiral	['McClain_Rao', 'Dunns_index', 'Banfeld_Raferty']	0.06766917293233082
engytime	['SDBW', 'IIndex', 'Banfeld_Raferty']	1.0
engytime	['SDBW', 'modified_hubert_t', 'Banfeld_Raferty']	1.0
engytime	['IIndex', 'modified_hubert_t', 'Banfeld_Raferty']	1.0
engytime	['i_index', 'Scott_Symons', 'Banfeld_Raferty']	-0.06917293233082707
engytime	['McClain_Rao', 'Dunns_index', 'Banfeld_Raferty']	-0.5368421052631579
fourty	['SDBW', 'IIndex', 'Banfeld_Raferty']	1.0
fourty	['SDBW', 'modified_hubert_t', 'Banfeld_Raferty']	1.0
fourty	['IIndex', 'modified_hubert_t', 'Banfeld_Raferty']	1.0
fourty	['i_index', 'Scott_Symons', 'Banfeld_Raferty']	1.0
fourty	['McClain_Rao', 'Dunns_index', 'Banfeld_Raferty']	0.12030075187969923
2sp2glob	['SDBW', 'IIndex', 'Banfeld_Raferty']	1.0
2sp2glob	['SDBW', 'modified_hubert_t', 'Banfeld_Raferty']	1.0
2sp2glob	['IIndex', 'modified_hubert_t', 'Banfeld_Raferty']	1.0
2sp2glob	['i_index', 'Scott_Symons', 'Banfeld_Raferty']	0.38345864661654133
2sp2glob	['McClain_Rao', 'Dunns_index', 'Banfeld_Raferty']	-0.09774436090225563
2d-4c	['SDBW', 'IIndex', 'Banfeld_Raferty']	1.0
2d-4c	['SDBW', 'modified_hubert_t', 'Banfeld_Raferty']	1.0
2d-4c	['IIndex', 'modified_hubert_t', 'Banfeld_Raferty']	1.0
2d-4c	['i_index', 'Scott_Symons', 'Banfeld_Raferty']	-0.06616541353383458
2d-4c	['McClain_Rao', 'Dunns_index', 'Banfeld_Raferty']	-0.3157894736842105
jain	['SDBW', 'IIndex', 'Banfeld_Raferty']	1.0
jain	['SDBW', 'modified_hubert_t', 'Banfeld_Raferty']	1.0
jain	['IIndex', 'modified_hubert_t', 'Banfeld_Raferty']	1.0
jain	['i_index', 'Scott_Symons', 'Banfeld_Raferty']	0.3533834586466165
jain	['McClain_Rao', 'Dunns_index', 'Banfeld_Raferty']	-0.4496240601503759
spiralsquare	['SDBW', 'IIndex', 'Banfeld_Raferty']	1.0
spiralsquare	['SDBW', 'modified_hubert_t', 'Banfeld_Raferty']	1.0
spiralsquare	['IIndex', 'modified_hubert_t', 'Banfeld_Raferty']	1.0
spiralsquare	['McClain_Rao', 'Dunns_index', 'Banfeld_Raferty']	-0.025563909774436087
spiralsquare	['i_index', 'Scott_Symons', 'Banfeld_Raferty']	-0.12481203007518797
hepta	['SDBW', 'IIndex', 'Banfeld_Raferty']	1.0
hepta	['SDBW', 'modified_hubert_t', 'Banfeld_Raferty']	1.0
hepta	['IIndex', 'modified_hubert_t', 'Banfeld_Raferty']	1.0
hepta	['McClain_Rao', 'Dunns_index', 'Banfeld_Raferty']	0.3984962406015037
hepta	['i_index', 'Scott_Symons', 'Banfeld_Raferty']	-0.38496240601503756
ds577	['SDBW', 'IIndex', 'Banfeld_Raferty']	1.0
ds577	['SDBW', 'modified_hubert_t', 'Banfeld_Raferty']	1.0
ds577	['IIndex', 'modified_hubert_t', 'Banfeld_Raferty']	1.0
ds577	['i_index', 'Scott_Symons', 'Banfeld_Raferty']	0.524812030075188
ds577	['McClain_Rao', 'Dunns_index', 'Banfeld_Raferty']	0.2571428571428572
ba0.0a	['SDBW', 'IIndex', 'Banfeld_Raferty']	1.0
ba0.0a	['SDBW', 'modified_hubert_t', 'Banfeld_Raferty']	1.0
ba0.0a	['IIndex', 'modified_hubert_t', 'Banfeld_Raferty']	1.0
ba0.0a	['McClain_Rao', 'Dunns_index', 'Banfeld_Raferty']	0.10977443609022557
ba0.0a	['i_index', 'Scott_Symons', 'Banfeld_Raferty']	-0.1413533834586466
heart-statlog	['SDBW', 'IIndex', 'Banfeld_Raferty']	1.0
heart-statlog	['SDBW', 'modified_hubert_t', 'Banfeld_Raferty']	1.0
heart-statlog	['IIndex', 'modified_hubert_t', 'Banfeld_Raferty']	1.0
heart-statlog	['McClain_Rao', 'Dunns_index', 'Banfeld_Raferty']	0.007518796992481202
heart-statlog	['i_index', 'Scott_Symons', 'Banfeld_Raferty']	-0.14736842105263157
iris	['SDBW', 'IIndex', 'Banfeld_Raferty']	1.0
iris	['SDBW', 'modified_hubert_t', 'Banfeld_Raferty']	1.0
iris	['IIndex', 'modified_hubert_t', 'Banfeld_Raferty']	1.0
iris	['i_index', 'Scott_Symons', 'Banfeld_Raferty']	0.3413533834586466
iris	['McClain_Rao', 'Dunns_index', 'Banfeld_Raferty']	-0.32631578947368417
ds850	['SDBW', 'IIndex', 'Banfeld_Raferty']	1.0
ds850	['SDBW', 'modified_hubert_t', 'Banfeld_Raferty']	1.0
ds850	['IIndex', 'modified_hubert_t', 'Banfeld_Raferty']	1.0
ds850	['i_index', 'Scott_Symons', 'Banfeld_Raferty']	0.35639097744360904
ds850	['McClain_Rao', 'Dunns_index', 'Banfeld_Raferty']	0.10225563909774435
zelnik3	['SDBW', 'IIndex', 'Banfeld_Raferty']	1.0
zelnik3	['SDBW', 'modified_hubert_t', 'Banfeld_Raferty']	1.0
zelnik3	['IIndex', 'modified_hubert_t', 'Banfeld_Raferty']	1.0
zelnik3	['i_index', 'Scott_Symons', 'Banfeld_Raferty']	0.24060150375939846
zelnik3	['McClain_Rao', 'Dunns_index', 'Banfeld_Raferty']	-0.38195488721804516
2d-4c-no4	['SDBW', 'IIndex', 'Banfeld_Raferty']	1.0
2d-4c-no4	['SDBW', 'modified_hubert_t', 'Banfeld_Raferty']	1.0
2d-4c-no4	['IIndex', 'modified_hubert_t', 'Banfeld_Raferty']	1.0
2d-4c-no4	['i_index', 'Scott_Symons', 'Banfeld_Raferty']	0.4661654135338345
2d-4c-no4	['McClain_Rao', 'Dunns_index', 'Banfeld_Raferty']	-0.5022556390977443
shapes	['SDBW', 'IIndex', 'Banfeld_Raferty']	1.0
shapes	['SDBW', 'modified_hubert_t', 'Banfeld_Raferty']	1.0
shapes	['IIndex', 'modified_hubert_t', 'Banfeld_Raferty']	1.0
shapes	['i_index', 'Scott_Symons', 'Banfeld_Raferty']	0.09172932330827067
shapes	['McClain_Rao', 'Dunns_index', 'Banfeld_Raferty']	-0.06766917293233082
square2	['SDBW', 'IIndex', 'Banfeld_Raferty']	1.0
square2	['SDBW', 'modified_hubert_t', 'Banfeld_Raferty']	1.0
square2	['IIndex', 'modified_hubert_t', 'Banfeld_Raferty']	1.0
square2	['i_index', 'Scott_Symons', 'Banfeld_Raferty']	0.3488721804511278
square2	['McClain_Rao', 'Dunns_index', 'Banfeld_Raferty']	-0.6330827067669172
sizes3	['SDBW', 'IIndex', 'Banfeld_Raferty']	1.0
sizes3	['SDBW', 'modified_hubert_t', 'Banfeld_Raferty']	1.0
sizes3	['IIndex', 'modified_hubert_t', 'Banfeld_Raferty']	1.0
sizes3	['i_index', 'Scott_Symons', 'Banfeld_Raferty']	0.5578947368421052
sizes3	['McClain_Rao', 'Dunns_index', 'Banfeld_Raferty']	-0.20751879699248119
cure-t1-2000n-2D	['SDBW', 'IIndex', 'Banfeld_Raferty']	1.0
cure-t1-2000n-2D	['SDBW', 'modified_hubert_t', 'Banfeld_Raferty']	1.0
cure-t1-2000n-2D	['IIndex', 'modified_hubert_t', 'Banfeld_Raferty']	1.0
cure-t1-2000n-2D	['i_index', 'Scott_Symons', 'Banfeld_Raferty']	0.21804511278195485
cure-t1-2000n-2D	['McClain_Rao', 'Dunns_index', 'Banfeld_Raferty']	0.05864661654135337
sonar	['SDBW', 'IIndex', 'Banfeld_Raferty']	1.0
sonar	['SDBW', 'modified_hubert_t', 'Banfeld_Raferty']	1.0
sonar	['IIndex', 'modified_hubert_t', 'Banfeld_Raferty']	1.0
sonar	['i_index', 'Scott_Symons', 'Banfeld_Raferty']	0.06616541353383458
sonar	['McClain_Rao', 'Dunns_index', 'Banfeld_Raferty']	-0.11428571428571428
square1	['SDBW', 'IIndex', 'Banfeld_Raferty']	1.0
square1	['SDBW', 'modified_hubert_t', 'Banfeld_Raferty']	1.0
square1	['IIndex', 'modified_hubert_t', 'Banfeld_Raferty']	1.0
square1	['i_index', 'Scott_Symons', 'Banfeld_Raferty']	0.11278195488721804
square1	['McClain_Rao', 'Dunns_index', 'Banfeld_Raferty']	-0.27518796992481204
disk-1000n	['SDBW', 'IIndex', 'Banfeld_Raferty']	1.0
disk-1000n	['SDBW', 'modified_hubert_t', 'Banfeld_Raferty']	1.0
disk-1000n	['IIndex', 'modified_hubert_t', 'Banfeld_Raferty']	1.0
disk-1000n	['McClain_Rao', 'Dunns_index', 'Banfeld_Raferty']	0.16691729323308271
disk-1000n	['i_index', 'Scott_Symons', 'Banfeld_Raferty']	-0.1533834586466165
dpc	['SDBW', 'IIndex', 'Banfeld_Raferty']	1.0
dpc	['SDBW', 'modified_hubert_t', 'Banfeld_Raferty']	1.0
dpc	['IIndex', 'modified_hubert_t', 'Banfeld_Raferty']	1.0
dpc	['i_index', 'Scott_Symons', 'Banfeld_Raferty']	-0.07669172932330826
dpc	['McClain_Rao', 'Dunns_index', 'Banfeld_Raferty']	-0.15789473684210525
triangle2	['SDBW', 'IIndex', 'Banfeld_Raferty']	1.0
triangle2	['SDBW', 'modified_hubert_t', 'Banfeld_Raferty']	1.0
triangle2	['IIndex', 'modified_hubert_t', 'Banfeld_Raferty']	1.0
triangle2	['i_index', 'Scott_Symons', 'Banfeld_Raferty']	0.4360902255639097
triangle2	['McClain_Rao', 'Dunns_index', 'Banfeld_Raferty']	-0.26766917293233083
triangle1	['SDBW', 'IIndex', 'Banfeld_Raferty']	1.0
triangle1	['SDBW', 'modified_hubert_t', 'Banfeld_Raferty']	1.0
triangle1	['IIndex', 'modified_hubert_t', 'Banfeld_Raferty']	1.0
triangle1	['i_index', 'Scott_Symons', 'Banfeld_Raferty']	0.5624060150375939
triangle1	['McClain_Rao', 'Dunns_index', 'Banfeld_Raferty']	-0.26766917293233083
wingnut	['SDBW', 'IIndex', 'Banfeld_Raferty']	1.0
wingnut	['SDBW', 'modified_hubert_t', 'Banfeld_Raferty']	1.0
wingnut	['IIndex', 'modified_hubert_t', 'Banfeld_Raferty']	1.0
wingnut	['McClain_Rao', 'Dunns_index', 'Banfeld_Raferty']	0.04060150375939849
wingnut	['i_index', 'Scott_Symons', 'Banfeld_Raferty']	-0.20751879699248119
tetra	['SDBW', 'IIndex', 'Banfeld_Raferty']	1.0
tetra	['SDBW', 'modified_hubert_t', 'Banfeld_Raferty']	1.0
tetra	['IIndex', 'modified_hubert_t', 'Banfeld_Raferty']	1.0
tetra	['i_index', 'Scott_Symons', 'Banfeld_Raferty']	0.33383458646616543
tetra	['McClain_Rao', 'Dunns_index', 'Banfeld_Raferty']	-0.5323308270676691
long2	['SDBW', 'IIndex', 'Banfeld_Raferty']	1.0
long2	['SDBW', 'modified_hubert_t', 'Banfeld_Raferty']	1.0
long2	['IIndex', 'modified_hubert_t', 'Banfeld_Raferty']	1.0
long2	['i_index', 'Scott_Symons', 'Banfeld_Raferty']	0.05864661654135337
long2	['McClain_Rao', 'Dunns_index', 'Banfeld_Raferty']	-0.20300751879699244
ds2c2sc13	['SDBW', 'IIndex', 'Banfeld_Raferty']	1.0
ds2c2sc13	['SDBW', 'modified_hubert_t', 'Banfeld_Raferty']	1.0
ds2c2sc13	['IIndex', 'modified_hubert_t', 'Banfeld_Raferty']	1.0
ds2c2sc13	['i_index', 'Scott_Symons', 'Banfeld_Raferty']	0.5488721804511278
ds2c2sc13	['McClain_Rao', 'Dunns_index', 'Banfeld_Raferty']	-0.3924812030075188
xclara	['SDBW', 'IIndex', 'Banfeld_Raferty']	1.0
xclara	['SDBW', 'modified_hubert_t', 'Banfeld_Raferty']	1.0
xclara	['IIndex', 'modified_hubert_t', 'Banfeld_Raferty']	1.0
xclara	['i_index', 'Scott_Symons', 'Banfeld_Raferty']	-0.003007518796992481
xclara	['McClain_Rao', 'Dunns_index', 'Banfeld_Raferty']	-0.3413533834586466
ds3c3sc6	['SDBW', 'IIndex', 'Banfeld_Raferty']	1.0
ds3c3sc6	['SDBW', 'modified_hubert_t', 'Banfeld_Raferty']	1.0
ds3c3sc6	['IIndex', 'modified_hubert_t', 'Banfeld_Raferty']	1.0
ds3c3sc6	['i_index', 'Scott_Symons', 'Banfeld_Raferty']	-0.009022556390977442
ds3c3sc6	['McClain_Rao', 'Dunns_index', 'Banfeld_Raferty']	-0.29473684210526313
impossible	['SDBW', 'IIndex', 'Banfeld_Raferty']	1.0
impossible	['SDBW', 'modified_hubert_t', 'Banfeld_Raferty']	1.0
impossible	['IIndex', 'modified_hubert_t', 'Banfeld_Raferty']	1.0
impossible	['McClain_Rao', 'Dunns_index', 'Banfeld_Raferty']	-0.3142857142857143
impossible	['i_index', 'Scott_Symons', 'Banfeld_Raferty']	-0.4360902255639097
aggregation	['SDBW', 'IIndex', 'Banfeld_Raferty']	1.0
aggregation	['SDBW', 'modified_hubert_t', 'Banfeld_Raferty']	1.0
aggregation	['IIndex', 'modified_hubert_t', 'Banfeld_Raferty']	1.0
aggregation	['i_index', 'Scott_Symons', 'Banfeld_Raferty']	0.3278195488721804
aggregation	['McClain_Rao', 'Dunns_index', 'Banfeld_Raferty']	-0.05413533834586466
chainlink	['SDBW', 'IIndex', 'Banfeld_Raferty']	1.0
chainlink	['SDBW', 'modified_hubert_t', 'Banfeld_Raferty']	1.0
chainlink	['IIndex', 'modified_hubert_t', 'Banfeld_Raferty']	1.0
chainlink	['i_index', 'Scott_Symons', 'Banfeld_Raferty']	0.09473684210526315
chainlink	['McClain_Rao', 'Dunns_index', 'Banfeld_Raferty']	-0.07368421052631578
sizes1	['SDBW', 'IIndex', 'Banfeld_Raferty']	1.0
sizes1	['SDBW', 'modified_hubert_t', 'Banfeld_Raferty']	1.0
sizes1	['IIndex', 'modified_hubert_t', 'Banfeld_Raferty']	1.0
sizes1	['i_index', 'Scott_Symons', 'Banfeld_Raferty']	0.4616541353383458
sizes1	['McClain_Rao', 'Dunns_index', 'Banfeld_Raferty']	-0.524812030075188
simplex	['SDBW', 'IIndex', 'Banfeld_Raferty']	1.0
simplex	['SDBW', 'modified_hubert_t', 'Banfeld_Raferty']	1.0
simplex	['IIndex', 'modified_hubert_t', 'Banfeld_Raferty']	1.0
simplex	['i_index', 'Scott_Symons', 'Banfeld_Raferty']	0.021052631578947364
simplex	['McClain_Rao', 'Dunns_index', 'Banfeld_Raferty']	-0.3954887218045112
target	['SDBW', 'IIndex', 'Banfeld_Raferty']	1.0
target	['SDBW', 'modified_hubert_t', 'Banfeld_Raferty']	1.0
target	['IIndex', 'modified_hubert_t', 'Banfeld_Raferty']	1.0
target	['i_index', 'Scott_Symons', 'Banfeld_Raferty']	-0.41503759398496237
target	['McClain_Rao', 'Dunns_index', 'Banfeld_Raferty']	-0.5428571428571428
disk-4000n	['SDBW', 'IIndex', 'Banfeld_Raferty']	1.0
disk-4000n	['SDBW', 'modified_hubert_t', 'Banfeld_Raferty']	1.0
disk-4000n	['IIndex', 'modified_hubert_t', 'Banfeld_Raferty']	1.0
disk-4000n	['i_index', 'Scott_Symons', 'Banfeld_Raferty']	0.4586466165413533
disk-4000n	['McClain_Rao', 'Dunns_index', 'Banfeld_Raferty']	-0.306766917293233
zelnik5	['SDBW', 'IIndex', 'Banfeld_Raferty']	1.0
zelnik5	['SDBW', 'modified_hubert_t', 'Banfeld_Raferty']	1.0
zelnik5	['IIndex', 'modified_hubert_t', 'Banfeld_Raferty']	1.0
zelnik5	['i_index', 'Scott_Symons', 'Banfeld_Raferty']	0.31127819548872177
zelnik5	['McClain_Rao', 'Dunns_index', 'Banfeld_Raferty']	-0.5278195488721804
smile3	['SDBW', 'IIndex', 'Banfeld_Raferty']	1.0
smile3	['SDBW', 'modified_hubert_t', 'Banfeld_Raferty']	1.0
smile3	['IIndex', 'modified_hubert_t', 'Banfeld_Raferty']	1.0
smile3	['i_index', 'Scott_Symons', 'Banfeld_Raferty']	-0.05413533834586466
smile3	['McClain_Rao', 'Dunns_index', 'Banfeld_Raferty']	-0.42105263157894735
twenty	['SDBW', 'IIndex', 'Banfeld_Raferty']	1.0
twenty	['SDBW', 'modified_hubert_t', 'Banfeld_Raferty']	1.0
twenty	['IIndex', 'modified_hubert_t', 'Banfeld_Raferty']	1.0
twenty	['McClain_Rao', 'Dunns_index', 'Banfeld_Raferty']	-0.10526315789473684
twenty	['i_index', 'Scott_Symons', 'Banfeld_Raferty']	-0.28120300751879695
square5	['SDBW', 'IIndex', 'Banfeld_Raferty']	1.0
square5	['SDBW', 'modified_hubert_t', 'Banfeld_Raferty']	1.0
square5	['IIndex', 'modified_hubert_t', 'Banfeld_Raferty']	1.0
square5	['i_index', 'Scott_Symons', 'Banfeld_Raferty']	0.24511278195488717
square5	['McClain_Rao', 'Dunns_index', 'Banfeld_Raferty']	-0.2526315789473684
zelnik1	['SDBW', 'IIndex', 'Banfeld_Raferty']	1.0
zelnik1	['SDBW', 'modified_hubert_t', 'Banfeld_Raferty']	1.0
zelnik1	['IIndex', 'modified_hubert_t', 'Banfeld_Raferty']	1.0
zelnik1	['i_index', 'Scott_Symons', 'Banfeld_Raferty']	0.060150375939849614
zelnik1	['McClain_Rao', 'Dunns_index', 'Banfeld_Raferty']	-0.7127819548872181
cuboids	['SDBW', 'IIndex', 'Banfeld_Raferty']	1.0
cuboids	['SDBW', 'modified_hubert_t', 'Banfeld_Raferty']	1.0
cuboids	['IIndex', 'modified_hubert_t', 'Banfeld_Raferty']	1.0
cuboids	['i_index', 'Scott_Symons', 'Banfeld_Raferty']	-0.08721804511278194
cuboids	['McClain_Rao', 'Dunns_index', 'Banfeld_Raferty']	-0.4360902255639097
dense-disk-5000	['SDBW', 'IIndex', 'Banfeld_Raferty']	1.0
dense-disk-5000	['SDBW', 'modified_hubert_t', 'Banfeld_Raferty']	1.0
dense-disk-5000	['IIndex', 'modified_hubert_t', 'Banfeld_Raferty']	1.0
dense-disk-5000	['McClain_Rao', 'Dunns_index', 'Banfeld_Raferty']	0.3488721804511278
dense-disk-5000	['i_index', 'Scott_Symons', 'Banfeld_Raferty']	0.33082706766917286
pmf	['SDBW', 'IIndex', 'Banfeld_Raferty']	1.0
pmf	['SDBW', 'modified_hubert_t', 'Banfeld_Raferty']	1.0
pmf	['IIndex', 'modified_hubert_t', 'Banfeld_Raferty']	1.0
pmf	['i_index', 'Scott_Symons', 'Banfeld_Raferty']	0.2721804511278195
pmf	['McClain_Rao', 'Dunns_index', 'Banfeld_Raferty']	-0.2646616541353383
long1	['SDBW', 'IIndex', 'Banfeld_Raferty']	1.0
long1	['SDBW', 'modified_hubert_t', 'Banfeld_Raferty']	1.0
long1	['IIndex', 'modified_hubert_t', 'Banfeld_Raferty']	1.0
long1	['McClain_Rao', 'Dunns_index', 'Banfeld_Raferty']	-0.060150375939849614
long1	['i_index', 'Scott_Symons', 'Banfeld_Raferty']	-0.4120300751879699
dense-disk-3000	['SDBW', 'IIndex', 'Banfeld_Raferty']	1.0
dense-disk-3000	['SDBW', 'modified_hubert_t', 'Banfeld_Raferty']	1.0
dense-disk-3000	['IIndex', 'modified_hubert_t', 'Banfeld_Raferty']	1.0
dense-disk-3000	['i_index', 'Scott_Symons', 'Banfeld_Raferty']	0.47067669172932325
dense-disk-3000	['McClain_Rao', 'Dunns_index', 'Banfeld_Raferty']	-0.33082706766917286
compound	['SDBW', 'IIndex', 'Banfeld_Raferty']	1.0
compound	['SDBW', 'modified_hubert_t', 'Banfeld_Raferty']	1.0
compound	['IIndex', 'modified_hubert_t', 'Banfeld_Raferty']	1.0
compound	['i_index', 'Scott_Symons', 'Banfeld_Raferty']	0.22556390977443608
compound	['McClain_Rao', 'Dunns_index', 'Banfeld_Raferty']	-0.15789473684210525
2dnormals	['SDBW', 'IIndex', 'Banfeld_Raferty']	1.0
2dnormals	['SDBW', 'modified_hubert_t', 'Banfeld_Raferty']	1.0
2dnormals	['IIndex', 'modified_hubert_t', 'Banfeld_Raferty']	1.0
2dnormals	['i_index', 'Scott_Symons', 'Banfeld_Raferty']	-0.06466165413533834
2dnormals	['McClain_Rao', 'Dunns_index', 'Banfeld_Raferty']	-0.27669172932330827
spherical_4_3	['SDBW', 'IIndex', 'Banfeld_Raferty']	1.0
spherical_4_3	['SDBW', 'modified_hubert_t', 'Banfeld_Raferty']	1.0
spherical_4_3	['IIndex', 'modified_hubert_t', 'Banfeld_Raferty']	1.0
spherical_4_3	['McClain_Rao', 'Dunns_index', 'Banfeld_Raferty']	0.3759398496240601
spherical_4_3	['i_index', 'Scott_Symons', 'Banfeld_Raferty']	-0.08571428571428572
tae	['SDBW', 'IIndex', 'Banfeld_Raferty']	1.0
tae	['SDBW', 'modified_hubert_t', 'Banfeld_Raferty']	1.0
tae	['IIndex', 'modified_hubert_t', 'Banfeld_Raferty']	1.0
tae	['i_index', 'Scott_Symons', 'Banfeld_Raferty']	0.35639097744360904
tae	['McClain_Rao', 'Dunns_index', 'Banfeld_Raferty']	-0.33533834586466166
curves1	['SDBW', 'IIndex', 'Banfeld_Raferty']	1.0
curves1	['SDBW', 'modified_hubert_t', 'Banfeld_Raferty']	1.0
curves1	['IIndex', 'modified_hubert_t', 'Banfeld_Raferty']	1.0
curves1	['McClain_Rao', 'Dunns_index', 'Banfeld_Raferty']	-0.17142857142857143
curves1	['i_index', 'Scott_Symons', 'Banfeld_Raferty']	-0.3293233082706767
square4	['SDBW', 'IIndex', 'Banfeld_Raferty']	1.0
square4	['SDBW', 'modified_hubert_t', 'Banfeld_Raferty']	1.0
square4	['IIndex', 'modified_hubert_t', 'Banfeld_Raferty']	1.0
square4	['i_index', 'Scott_Symons', 'Banfeld_Raferty']	0.3413533834586466
square4	['McClain_Rao', 'Dunns_index', 'Banfeld_Raferty']	-0.544360902255639
donut3	['SDBW', 'IIndex', 'Banfeld_Raferty']	1.0
donut3	['SDBW', 'modified_hubert_t', 'Banfeld_Raferty']	1.0
donut3	['IIndex', 'modified_hubert_t', 'Banfeld_Raferty']	1.0
donut3	['i_index', 'Scott_Symons', 'Banfeld_Raferty']	0.13684210526315788
donut3	['McClain_Rao', 'Dunns_index', 'Banfeld_Raferty']	0.03157894736842105
zelnik6	['SDBW', 'IIndex', 'Banfeld_Raferty']	1.0
zelnik6	['SDBW', 'modified_hubert_t', 'Banfeld_Raferty']	1.0
zelnik6	['IIndex', 'modified_hubert_t', 'Banfeld_Raferty']	1.0
zelnik6	['McClain_Rao', 'Dunns_index', 'Banfeld_Raferty']	0.19097744360902258
zelnik6	['i_index', 'Scott_Symons', 'Banfeld_Raferty']	-0.03909774436090225
zoo	['SDBW', 'IIndex', 'Banfeld_Raferty']	1.0
zoo	['SDBW', 'modified_hubert_t', 'Banfeld_Raferty']	1.0
zoo	['IIndex', 'modified_hubert_t', 'Banfeld_Raferty']	1.0
zoo	['i_index', 'Scott_Symons', 'Banfeld_Raferty']	0.12481203007518797
zoo	['McClain_Rao', 'Dunns_index', 'Banfeld_Raferty']	-0.06766917293233082
curves2	['SDBW', 'IIndex', 'Banfeld_Raferty']	1.0
curves2	['SDBW', 'modified_hubert_t', 'Banfeld_Raferty']	1.0
curves2	['IIndex', 'modified_hubert_t', 'Banfeld_Raferty']	1.0
curves2	['McClain_Rao', 'Dunns_index', 'Banfeld_Raferty']	0.1609022556390977
curves2	['i_index', 'Scott_Symons', 'Banfeld_Raferty']	-0.28120300751879695
atom	['SDBW', 'IIndex', 'Banfeld_Raferty']	1.0
atom	['SDBW', 'modified_hubert_t', 'Banfeld_Raferty']	1.0
atom	['IIndex', 'modified_hubert_t', 'Banfeld_Raferty']	1.0
atom	['i_index', 'Scott_Symons', 'Banfeld_Raferty']	0.9157894736842105
atom	['McClain_Rao', 'Dunns_index', 'Banfeld_Raferty']	-0.7398496240601502
glass	['SDBW', 'IIndex', 'Banfeld_Raferty']	1.0
glass	['SDBW', 'modified_hubert_t', 'Banfeld_Raferty']	1.0
glass	['IIndex', 'modified_hubert_t', 'Banfeld_Raferty']	1.0
glass	['McClain_Rao', 'Dunns_index', 'Banfeld_Raferty']	0.2857142857142857
glass	['i_index', 'Scott_Symons', 'Banfeld_Raferty']	-0.04661654135338346
2d-10c	['SDBW', 'IIndex', 'Banfeld_Raferty']	1.0
2d-10c	['SDBW', 'modified_hubert_t', 'Banfeld_Raferty']	1.0
2d-10c	['IIndex', 'modified_hubert_t', 'Banfeld_Raferty']	1.0
2d-10c	['i_index', 'Scott_Symons', 'Banfeld_Raferty']	0.0631578947368421
2d-10c	['McClain_Rao', 'Dunns_index', 'Banfeld_Raferty']	-0.28421052631578947
zelnik2	['SDBW', 'IIndex', 'Banfeld_Raferty']	1.0
zelnik2	['SDBW', 'modified_hubert_t', 'Banfeld_Raferty']	1.0
zelnik2	['IIndex', 'modified_hubert_t', 'Banfeld_Raferty']	1.0
zelnik2	['i_index', 'Scott_Symons', 'Banfeld_Raferty']	0.11428571428571428
zelnik2	['McClain_Rao', 'Dunns_index', 'Banfeld_Raferty']	-0.35639097744360904
smile1	['SDBW', 'IIndex', 'Banfeld_Raferty']	1.0
smile1	['SDBW', 'modified_hubert_t', 'Banfeld_Raferty']	1.0
smile1	['IIndex', 'modified_hubert_t', 'Banfeld_Raferty']	1.0
smile1	['i_index', 'Scott_Symons', 'Banfeld_Raferty']	0.38345864661654133
smile1	['McClain_Rao', 'Dunns_index', 'Banfeld_Raferty']	-0.30526315789473685
dartboard2	['SDBW', 'IIndex', 'Banfeld_Raferty']	1.0
dartboard2	['SDBW', 'modified_hubert_t', 'Banfeld_Raferty']	1.0
dartboard2	['IIndex', 'modified_hubert_t', 'Banfeld_Raferty']	1.0
dartboard2	['i_index', 'Scott_Symons', 'Banfeld_Raferty']	0.25864661654135335
dartboard2	['McClain_Rao', 'Dunns_index', 'Banfeld_Raferty']	-0.3969924812030075
disk-3000n	['SDBW', 'IIndex', 'Banfeld_Raferty']	1.0
disk-3000n	['SDBW', 'modified_hubert_t', 'Banfeld_Raferty']	1.0
disk-3000n	['IIndex', 'modified_hubert_t', 'Banfeld_Raferty']	1.0
disk-3000n	['i_index', 'Scott_Symons', 'Banfeld_Raferty']	-0.11278195488721804
disk-3000n	['McClain_Rao', 'Dunns_index', 'Banfeld_Raferty']	-0.26616541353383455
spherical_6_2	['SDBW', 'IIndex', 'Banfeld_Raferty']	1.0
spherical_6_2	['SDBW', 'modified_hubert_t', 'Banfeld_Raferty']	1.0
spherical_6_2	['IIndex', 'modified_hubert_t', 'Banfeld_Raferty']	1.0
spherical_6_2	['i_index', 'Scott_Symons', 'Banfeld_Raferty']	0.04060150375939849
spherical_6_2	['McClain_Rao', 'Dunns_index', 'Banfeld_Raferty']	0.03308270676691729
rings	['SDBW', 'IIndex', 'Banfeld_Raferty']	1.0
rings	['SDBW', 'modified_hubert_t', 'Banfeld_Raferty']	1.0
rings	['IIndex', 'modified_hubert_t', 'Banfeld_Raferty']	1.0
rings	['i_index', 'Scott_Symons', 'Banfeld_Raferty']	0.4616541353383458
rings	['McClain_Rao', 'Dunns_index', 'Banfeld_Raferty']	-0.47518796992481205
thy	['SDBW', 'IIndex', 'Banfeld_Raferty']	1.0
thy	['SDBW', 'modified_hubert_t', 'Banfeld_Raferty']	1.0
thy	['IIndex', 'modified_hubert_t', 'Banfeld_Raferty']	1.0
thy	['i_index', 'Scott_Symons', 'Banfeld_Raferty']	0.11879699248120301
thy	['McClain_Rao', 'Dunns_index', 'Banfeld_Raferty']	-0.14436090225563908
elliptical_10_2	['SDBW', 'IIndex', 'Banfeld_Raferty']	1.0
elliptical_10_2	['SDBW', 'modified_hubert_t', 'Banfeld_Raferty']	1.0
elliptical_10_2	['IIndex', 'modified_hubert_t', 'Banfeld_Raferty']	1.0
elliptical_10_2	['i_index', 'Scott_Symons', 'Banfeld_Raferty']	0.24962406015037594
elliptical_10_2	['McClain_Rao', 'Dunns_index', 'Banfeld_Raferty']	-0.1518796992481203
dpb	['SDBW', 'IIndex', 'Banfeld_Raferty']	1.0
dpb	['SDBW', 'modified_hubert_t', 'Banfeld_Raferty']	1.0
dpb	['IIndex', 'modified_hubert_t', 'Banfeld_Raferty']	1.0
dpb	['i_index', 'Scott_Symons', 'Banfeld_Raferty']	0.193984962406015
dpb	['McClain_Rao', 'Dunns_index', 'Banfeld_Raferty']	-0.060150375939849614
