disk-1000n	['SDBW', 'modified_hubert_t', 'Banfeld_Raferty']	0.14586466165413534
disk-1000n	['IIndex', 'modified_hubert_t', 'Banfeld_Raferty']	0.10075187969924812
disk-1000n	['McClain_Rao', 'Dunns_index', 'Banfeld_Raferty']	0.06616541353383458
disk-1000n	['SDBW', 'IIndex', 'Banfeld_Raferty']	-0.10075187969924812
disk-1000n	['i_index', 'Scott_Symons', 'Banfeld_Raferty']	-0.13834586466165413
spherical_6_2	['SDBW', 'modified_hubert_t', 'Banfeld_Raferty']	0.30526315789473685
spherical_6_2	['McClain_Rao', 'Dunns_index', 'Banfeld_Raferty']	0.2992481203007519
spherical_6_2	['i_index', 'Scott_Symons', 'Banfeld_Raferty']	0.23157894736842105
spherical_6_2	['IIndex', 'modified_hubert_t', 'Banfeld_Raferty']	-0.07518796992481201
spherical_6_2	['SDBW', 'IIndex', 'Banfeld_Raferty']	-0.09323308270676692
sizes2	['SDBW', 'modified_hubert_t', 'Banfeld_Raferty']	0.6917293233082705
sizes2	['SDBW', 'IIndex', 'Banfeld_Raferty']	0.3443609022556391
sizes2	['i_index', 'Scott_Symons', 'Banfeld_Raferty']	0.3398496240601503
sizes2	['IIndex', 'modified_hubert_t', 'Banfeld_Raferty']	0.31879699248120297
sizes2	['McClain_Rao', 'Dunns_index', 'Banfeld_Raferty']	-0.6195488721804511
arrhythmia	['SDBW', 'modified_hubert_t', 'Banfeld_Raferty']	1.0
arrhythmia	['IIndex', 'modified_hubert_t', 'Banfeld_Raferty']	0.12781954887218044
arrhythmia	['i_index', 'Scott_Symons', 'Banfeld_Raferty']	0.12781954887218044
arrhythmia	['SDBW', 'IIndex', 'Banfeld_Raferty']	-0.03609022556390977
arrhythmia	['McClain_Rao', 'Dunns_index', 'Banfeld_Raferty']	-0.2270676691729323
cluto-t4-8k	['McClain_Rao', 'Dunns_index', 'Banfeld_Raferty']	0.2827067669172932
cluto-t4-8k	['SDBW', 'IIndex', 'Banfeld_Raferty']	0.22857142857142856
cluto-t4-8k	['i_index', 'Scott_Symons', 'Banfeld_Raferty']	0.13984962406015036
cluto-t4-8k	['SDBW', 'modified_hubert_t', 'Banfeld_Raferty']	0.09924812030075188
cluto-t4-8k	['IIndex', 'modified_hubert_t', 'Banfeld_Raferty']	0.04210526315789473
zelnik4	['IIndex', 'modified_hubert_t', 'Banfeld_Raferty']	0.3699248120300751
zelnik4	['McClain_Rao', 'Dunns_index', 'Banfeld_Raferty']	0.1744360902255639
zelnik4	['i_index', 'Scott_Symons', 'Banfeld_Raferty']	0.04661654135338346
zelnik4	['SDBW', 'IIndex', 'Banfeld_Raferty']	-0.0781954887218045
zelnik4	['SDBW', 'modified_hubert_t', 'Banfeld_Raferty']	-0.29774436090225564
spherical_4_3	['i_index', 'Scott_Symons', 'Banfeld_Raferty']	0.13533834586466165
spherical_4_3	['SDBW', 'modified_hubert_t', 'Banfeld_Raferty']	0.0631578947368421
spherical_4_3	['IIndex', 'modified_hubert_t', 'Banfeld_Raferty']	0.05563909774436089
spherical_4_3	['SDBW', 'IIndex', 'Banfeld_Raferty']	0.04360902255639097
spherical_4_3	['McClain_Rao', 'Dunns_index', 'Banfeld_Raferty']	-0.013533834586466165
2dnormals	['SDBW', 'modified_hubert_t', 'Banfeld_Raferty']	0.2421052631578947
2dnormals	['IIndex', 'modified_hubert_t', 'Banfeld_Raferty']	0.15037593984962402
2dnormals	['SDBW', 'IIndex', 'Banfeld_Raferty']	0.12932330827067667
2dnormals	['i_index', 'Scott_Symons', 'Banfeld_Raferty']	0.037593984962406006
2dnormals	['McClain_Rao', 'Dunns_index', 'Banfeld_Raferty']	-0.07368421052631578
impossible	['SDBW', 'modified_hubert_t', 'Banfeld_Raferty']	0.44060150375939844
impossible	['IIndex', 'modified_hubert_t', 'Banfeld_Raferty']	0.24812030075187969
impossible	['SDBW', 'IIndex', 'Banfeld_Raferty']	0.17744360902255638
impossible	['i_index', 'Scott_Symons', 'Banfeld_Raferty']	-0.03308270676691729
impossible	['McClain_Rao', 'Dunns_index', 'Banfeld_Raferty']	-0.16992481203007515
curves2	['i_index', 'Scott_Symons', 'Banfeld_Raferty']	0.1609022556390977
curves2	['IIndex', 'modified_hubert_t', 'Banfeld_Raferty']	0.025563909774436087
curves2	['SDBW', 'IIndex', 'Banfeld_Raferty']	-0.06766917293233082
curves2	['SDBW', 'modified_hubert_t', 'Banfeld_Raferty']	-0.13082706766917293
curves2	['McClain_Rao', 'Dunns_index', 'Banfeld_Raferty']	-0.24511278195488717
haberman	['SDBW', 'modified_hubert_t', 'Banfeld_Raferty']	1.0
haberman	['SDBW', 'IIndex', 'Banfeld_Raferty']	0.4661654135338345
haberman	['IIndex', 'modified_hubert_t', 'Banfeld_Raferty']	0.35187969924812035
haberman	['i_index', 'Scott_Symons', 'Banfeld_Raferty']	0.0781954887218045
haberman	['McClain_Rao', 'Dunns_index', 'Banfeld_Raferty']	-0.2992481203007519
iris	['IIndex', 'modified_hubert_t', 'Banfeld_Raferty']	0.2902255639097744
iris	['McClain_Rao', 'Dunns_index', 'Banfeld_Raferty']	0.003007518796992481
iris	['SDBW', 'modified_hubert_t', 'Banfeld_Raferty']	-0.05413533834586466
iris	['SDBW', 'IIndex', 'Banfeld_Raferty']	-0.0781954887218045
iris	['i_index', 'Scott_Symons', 'Banfeld_Raferty']	-0.07969924812030074
ba0.0a	['SDBW', 'IIndex', 'Banfeld_Raferty']	0.5774436090225563
ba0.0a	['McClain_Rao', 'Dunns_index', 'Banfeld_Raferty']	0.34736842105263155
ba0.0a	['IIndex', 'modified_hubert_t', 'Banfeld_Raferty']	0.07518796992481201
ba0.0a	['SDBW', 'modified_hubert_t', 'Banfeld_Raferty']	-0.030075187969924807
ba0.0a	['i_index', 'Scott_Symons', 'Banfeld_Raferty']	-0.43458646616541347
spherical_5_2	['SDBW', 'IIndex', 'Banfeld_Raferty']	0.37293233082706767
spherical_5_2	['IIndex', 'modified_hubert_t', 'Banfeld_Raferty']	0.16992481203007515
spherical_5_2	['McClain_Rao', 'Dunns_index', 'Banfeld_Raferty']	0.019548872180451125
spherical_5_2	['SDBW', 'modified_hubert_t', 'Banfeld_Raferty']	-0.06165413533834586
spherical_5_2	['i_index', 'Scott_Symons', 'Banfeld_Raferty']	-0.20902255639097742
R15	['SDBW', 'modified_hubert_t', 'Banfeld_Raferty']	1.0
R15	['McClain_Rao', 'Dunns_index', 'Banfeld_Raferty']	0.6646616541353383
R15	['SDBW', 'IIndex', 'Banfeld_Raferty']	0.33233082706766914
R15	['IIndex', 'modified_hubert_t', 'Banfeld_Raferty']	0.33233082706766914
R15	['i_index', 'Scott_Symons', 'Banfeld_Raferty']	0.23308270676691725
smile1	['i_index', 'Scott_Symons', 'Banfeld_Raferty']	0.3037593984962406
smile1	['McClain_Rao', 'Dunns_index', 'Banfeld_Raferty']	0.2992481203007519
smile1	['IIndex', 'modified_hubert_t', 'Banfeld_Raferty']	0.024060150375939848
smile1	['SDBW', 'modified_hubert_t', 'Banfeld_Raferty']	-0.03157894736842105
smile1	['SDBW', 'IIndex', 'Banfeld_Raferty']	-0.30526315789473685
donut1	['i_index', 'Scott_Symons', 'Banfeld_Raferty']	0.6962406015037594
donut1	['SDBW', 'modified_hubert_t', 'Banfeld_Raferty']	0.6451127819548872
donut1	['IIndex', 'modified_hubert_t', 'Banfeld_Raferty']	0.24511278195488717
donut1	['SDBW', 'IIndex', 'Banfeld_Raferty']	0.15488721804511277
donut1	['McClain_Rao', 'Dunns_index', 'Banfeld_Raferty']	-0.13684210526315788
zelnik5	['SDBW', 'modified_hubert_t', 'Banfeld_Raferty']	0.16842105263157892
zelnik5	['SDBW', 'IIndex', 'Banfeld_Raferty']	0.16691729323308271
zelnik5	['IIndex', 'modified_hubert_t', 'Banfeld_Raferty']	0.16691729323308271
zelnik5	['McClain_Rao', 'Dunns_index', 'Banfeld_Raferty']	-0.1263157894736842
zelnik5	['i_index', 'Scott_Symons', 'Banfeld_Raferty']	-0.193984962406015
dartboard1	['SDBW', 'modified_hubert_t', 'Banfeld_Raferty']	1.0
dartboard1	['McClain_Rao', 'Dunns_index', 'Banfeld_Raferty']	0.20300751879699244
dartboard1	['i_index', 'Scott_Symons', 'Banfeld_Raferty']	-0.024060150375939848
dartboard1	['IIndex', 'modified_hubert_t', 'Banfeld_Raferty']	-0.33684210526315783
dartboard1	['SDBW', 'IIndex', 'Banfeld_Raferty']	-0.3714285714285714
elliptical_10_2	['SDBW', 'modified_hubert_t', 'Banfeld_Raferty']	0.6375939849624059
elliptical_10_2	['SDBW', 'IIndex', 'Banfeld_Raferty']	-0.04210526315789473
elliptical_10_2	['McClain_Rao', 'Dunns_index', 'Banfeld_Raferty']	-0.06466165413533834
elliptical_10_2	['IIndex', 'modified_hubert_t', 'Banfeld_Raferty']	-0.15939849624060148
elliptical_10_2	['i_index', 'Scott_Symons', 'Banfeld_Raferty']	-0.2646616541353383
donut2	['SDBW', 'modified_hubert_t', 'Banfeld_Raferty']	1.0
donut2	['i_index', 'Scott_Symons', 'Banfeld_Raferty']	0.4526315789473684
donut2	['IIndex', 'modified_hubert_t', 'Banfeld_Raferty']	0.41804511278195483
donut2	['SDBW', 'IIndex', 'Banfeld_Raferty']	0.3233082706766917
donut2	['McClain_Rao', 'Dunns_index', 'Banfeld_Raferty']	-0.47218045112781953
complex9	['SDBW', 'IIndex', 'Banfeld_Raferty']	0.4060150375939849
complex9	['SDBW', 'modified_hubert_t', 'Banfeld_Raferty']	0.33082706766917286
complex9	['IIndex', 'modified_hubert_t', 'Banfeld_Raferty']	0.19849624060150375
complex9	['i_index', 'Scott_Symons', 'Banfeld_Raferty']	0.12932330827067667
complex9	['McClain_Rao', 'Dunns_index', 'Banfeld_Raferty']	-0.03609022556390977
chainlink	['SDBW', 'modified_hubert_t', 'Banfeld_Raferty']	0.3082706766917293
chainlink	['SDBW', 'IIndex', 'Banfeld_Raferty']	0.2270676691729323
chainlink	['McClain_Rao', 'Dunns_index', 'Banfeld_Raferty']	0.16992481203007515
chainlink	['IIndex', 'modified_hubert_t', 'Banfeld_Raferty']	0.09323308270676692
chainlink	['i_index', 'Scott_Symons', 'Banfeld_Raferty']	-0.21353383458646616
balance-scale	['SDBW', 'modified_hubert_t', 'Banfeld_Raferty']	1.0
balance-scale	['McClain_Rao', 'Dunns_index', 'Banfeld_Raferty']	0.09624060150375939
balance-scale	['i_index', 'Scott_Symons', 'Banfeld_Raferty']	0.08721804511278194
balance-scale	['IIndex', 'modified_hubert_t', 'Banfeld_Raferty']	0.018045112781954885
balance-scale	['SDBW', 'IIndex', 'Banfeld_Raferty']	-0.33533834586466166
diamond9	['IIndex', 'modified_hubert_t', 'Banfeld_Raferty']	0.47518796992481205
diamond9	['McClain_Rao', 'Dunns_index', 'Banfeld_Raferty']	0.13984962406015036
diamond9	['i_index', 'Scott_Symons', 'Banfeld_Raferty']	0.024060150375939848
diamond9	['SDBW', 'modified_hubert_t', 'Banfeld_Raferty']	-0.11278195488721804
diamond9	['SDBW', 'IIndex', 'Banfeld_Raferty']	-0.26917293233082706
zelnik2	['SDBW', 'modified_hubert_t', 'Banfeld_Raferty']	1.0
zelnik2	['McClain_Rao', 'Dunns_index', 'Banfeld_Raferty']	0.5368421052631579
zelnik2	['SDBW', 'IIndex', 'Banfeld_Raferty']	-0.06466165413533834
zelnik2	['IIndex', 'modified_hubert_t', 'Banfeld_Raferty']	-0.13834586466165413
zelnik2	['i_index', 'Scott_Symons', 'Banfeld_Raferty']	-0.1609022556390977
tae	['SDBW', 'modified_hubert_t', 'Banfeld_Raferty']	1.0
tae	['McClain_Rao', 'Dunns_index', 'Banfeld_Raferty']	0.43909774436090226
tae	['SDBW', 'IIndex', 'Banfeld_Raferty']	0.04060150375939849
tae	['i_index', 'Scott_Symons', 'Banfeld_Raferty']	-0.003007518796992481
tae	['IIndex', 'modified_hubert_t', 'Banfeld_Raferty']	-0.4195488721804511
ds850	['SDBW', 'IIndex', 'Banfeld_Raferty']	0.312781954887218
ds850	['IIndex', 'modified_hubert_t', 'Banfeld_Raferty']	0.21654135338345865
ds850	['i_index', 'Scott_Symons', 'Banfeld_Raferty']	0.156390977443609
ds850	['SDBW', 'modified_hubert_t', 'Banfeld_Raferty']	0.013533834586466165
ds850	['McClain_Rao', 'Dunns_index', 'Banfeld_Raferty']	-0.14887218045112782
zoo	['SDBW', 'modified_hubert_t', 'Banfeld_Raferty']	1.0
zoo	['i_index', 'Scott_Symons', 'Banfeld_Raferty']	-0.08120300751879699
zoo	['SDBW', 'IIndex', 'Banfeld_Raferty']	-0.09774436090225563
zoo	['IIndex', 'modified_hubert_t', 'Banfeld_Raferty']	-0.09774436090225563
zoo	['McClain_Rao', 'Dunns_index', 'Banfeld_Raferty']	-0.10526315789473684
pathbased	['i_index', 'Scott_Symons', 'Banfeld_Raferty']	0.41503759398496237
pathbased	['SDBW', 'IIndex', 'Banfeld_Raferty']	0.13383458646616542
pathbased	['McClain_Rao', 'Dunns_index', 'Banfeld_Raferty']	0.11879699248120301
pathbased	['SDBW', 'modified_hubert_t', 'Banfeld_Raferty']	-0.024060150375939848
pathbased	['IIndex', 'modified_hubert_t', 'Banfeld_Raferty']	-0.32481203007518794
aml28	['IIndex', 'modified_hubert_t', 'Banfeld_Raferty']	0.41804511278195483
aml28	['SDBW', 'IIndex', 'Banfeld_Raferty']	0.2270676691729323
aml28	['SDBW', 'modified_hubert_t', 'Banfeld_Raferty']	-0.08571428571428572
aml28	['i_index', 'Scott_Symons', 'Banfeld_Raferty']	-0.4060150375939849
aml28	['McClain_Rao', 'Dunns_index', 'Banfeld_Raferty']	-0.41503759398496237
fourty	['SDBW', 'modified_hubert_t', 'Banfeld_Raferty']	1.0
fourty	['SDBW', 'IIndex', 'Banfeld_Raferty']	0.3954887218045112
fourty	['McClain_Rao', 'Dunns_index', 'Banfeld_Raferty']	0.3488721804511278
fourty	['i_index', 'Scott_Symons', 'Banfeld_Raferty']	0.27669172932330827
fourty	['IIndex', 'modified_hubert_t', 'Banfeld_Raferty']	-0.0781954887218045
spiralsquare	['IIndex', 'modified_hubert_t', 'Banfeld_Raferty']	0.3984962406015037
spiralsquare	['i_index', 'Scott_Symons', 'Banfeld_Raferty']	0.3142857142857143
spiralsquare	['SDBW', 'IIndex', 'Banfeld_Raferty']	0.2992481203007519
spiralsquare	['SDBW', 'modified_hubert_t', 'Banfeld_Raferty']	0.20601503759398496
spiralsquare	['McClain_Rao', 'Dunns_index', 'Banfeld_Raferty']	-0.06466165413533834
compound	['IIndex', 'modified_hubert_t', 'Banfeld_Raferty']	0.4676691729323308
compound	['SDBW', 'modified_hubert_t', 'Banfeld_Raferty']	0.38947368421052625
compound	['SDBW', 'IIndex', 'Banfeld_Raferty']	0.35488721804511275
compound	['McClain_Rao', 'Dunns_index', 'Banfeld_Raferty']	-0.37744360902255636
compound	['i_index', 'Scott_Symons', 'Banfeld_Raferty']	-0.5022556390977443
2sp2glob	['IIndex', 'modified_hubert_t', 'Banfeld_Raferty']	0.44060150375939844
2sp2glob	['SDBW', 'IIndex', 'Banfeld_Raferty']	0.3669172932330827
2sp2glob	['SDBW', 'modified_hubert_t', 'Banfeld_Raferty']	0.3142857142857143
2sp2glob	['i_index', 'Scott_Symons', 'Banfeld_Raferty']	0.23458646616541348
2sp2glob	['McClain_Rao', 'Dunns_index', 'Banfeld_Raferty']	-0.28721804511278193
lsun	['SDBW', 'modified_hubert_t', 'Banfeld_Raferty']	0.4030075187969925
lsun	['SDBW', 'IIndex', 'Banfeld_Raferty']	0.2120300751879699
lsun	['McClain_Rao', 'Dunns_index', 'Banfeld_Raferty']	-0.045112781954887216
lsun	['i_index', 'Scott_Symons', 'Banfeld_Raferty']	-0.23609022556390977
lsun	['IIndex', 'modified_hubert_t', 'Banfeld_Raferty']	-0.3804511278195489
thy	['SDBW', 'modified_hubert_t', 'Banfeld_Raferty']	0.2646616541353383
thy	['i_index', 'Scott_Symons', 'Banfeld_Raferty']	0.22556390977443608
thy	['SDBW', 'IIndex', 'Banfeld_Raferty']	-0.0015037593984962405
thy	['IIndex', 'modified_hubert_t', 'Banfeld_Raferty']	-0.4766917293233082
thy	['McClain_Rao', 'Dunns_index', 'Banfeld_Raferty']	-0.4827067669172932
hypercube	['SDBW', 'modified_hubert_t', 'Banfeld_Raferty']	0.14586466165413534
hypercube	['IIndex', 'modified_hubert_t', 'Banfeld_Raferty']	0.09172932330827067
hypercube	['i_index', 'Scott_Symons', 'Banfeld_Raferty']	0.09022556390977443
hypercube	['McClain_Rao', 'Dunns_index', 'Banfeld_Raferty']	-0.013533834586466165
hypercube	['SDBW', 'IIndex', 'Banfeld_Raferty']	-0.1819548872180451
pmf	['IIndex', 'modified_hubert_t', 'Banfeld_Raferty']	0.33082706766917286
pmf	['SDBW', 'IIndex', 'Banfeld_Raferty']	0.29473684210526313
pmf	['SDBW', 'modified_hubert_t', 'Banfeld_Raferty']	0.1263157894736842
pmf	['i_index', 'Scott_Symons', 'Banfeld_Raferty']	0.12330827067669171
pmf	['McClain_Rao', 'Dunns_index', 'Banfeld_Raferty']	-0.5834586466165413
flame	['i_index', 'Scott_Symons', 'Banfeld_Raferty']	0.28721804511278193
flame	['SDBW', 'modified_hubert_t', 'Banfeld_Raferty']	0.20300751879699244
flame	['IIndex', 'modified_hubert_t', 'Banfeld_Raferty']	0.11729323308270674
flame	['McClain_Rao', 'Dunns_index', 'Banfeld_Raferty']	-0.045112781954887216
flame	['SDBW', 'IIndex', 'Banfeld_Raferty']	-0.28421052631578947
2d-10c	['SDBW', 'IIndex', 'Banfeld_Raferty']	0.4015037593984962
2d-10c	['IIndex', 'modified_hubert_t', 'Banfeld_Raferty']	0.13383458646616542
2d-10c	['SDBW', 'modified_hubert_t', 'Banfeld_Raferty']	0.09323308270676692
2d-10c	['i_index', 'Scott_Symons', 'Banfeld_Raferty']	0.0015037593984962405
2d-10c	['McClain_Rao', 'Dunns_index', 'Banfeld_Raferty']	-0.012030075187969924
long2	['SDBW', 'IIndex', 'Banfeld_Raferty']	0.2827067669172932
long2	['SDBW', 'modified_hubert_t', 'Banfeld_Raferty']	0.193984962406015
long2	['IIndex', 'modified_hubert_t', 'Banfeld_Raferty']	0.18646616541353384
long2	['i_index', 'Scott_Symons', 'Banfeld_Raferty']	0.11278195488721804
long2	['McClain_Rao', 'Dunns_index', 'Banfeld_Raferty']	-0.2571428571428572
tetra	['IIndex', 'modified_hubert_t', 'Banfeld_Raferty']	0.5834586466165413
tetra	['McClain_Rao', 'Dunns_index', 'Banfeld_Raferty']	0.5819548872180451
tetra	['i_index', 'Scott_Symons', 'Banfeld_Raferty']	0.3082706766917293
tetra	['SDBW', 'IIndex', 'Banfeld_Raferty']	0.23157894736842105
tetra	['SDBW', 'modified_hubert_t', 'Banfeld_Raferty']	0.2150375939849624
smile3	['i_index', 'Scott_Symons', 'Banfeld_Raferty']	0.4781954887218045
smile3	['IIndex', 'modified_hubert_t', 'Banfeld_Raferty']	0.3804511278195489
smile3	['SDBW', 'modified_hubert_t', 'Banfeld_Raferty']	0.2150375939849624
smile3	['SDBW', 'IIndex', 'Banfeld_Raferty']	0.0706766917293233
smile3	['McClain_Rao', 'Dunns_index', 'Banfeld_Raferty']	-0.021052631578947364
circle	['SDBW', 'modified_hubert_t', 'Banfeld_Raferty']	1.0
circle	['IIndex', 'modified_hubert_t', 'Banfeld_Raferty']	0.35639097744360904
circle	['SDBW', 'IIndex', 'Banfeld_Raferty']	0.05413533834586466
circle	['McClain_Rao', 'Dunns_index', 'Banfeld_Raferty']	-0.22255639097744356
circle	['i_index', 'Scott_Symons', 'Banfeld_Raferty']	-0.29323308270676685
curves1	['McClain_Rao', 'Dunns_index', 'Banfeld_Raferty']	-0.010526315789473682
curves1	['IIndex', 'modified_hubert_t', 'Banfeld_Raferty']	-0.02706766917293233
curves1	['SDBW', 'IIndex', 'Banfeld_Raferty']	-0.28721804511278193
curves1	['i_index', 'Scott_Symons', 'Banfeld_Raferty']	-0.47218045112781953
curves1	['SDBW', 'modified_hubert_t', 'Banfeld_Raferty']	-0.5458646616541353
jain	['SDBW', 'modified_hubert_t', 'Banfeld_Raferty']	0.3578947368421052
jain	['SDBW', 'IIndex', 'Banfeld_Raferty']	0.13684210526315788
jain	['IIndex', 'modified_hubert_t', 'Banfeld_Raferty']	-0.17293233082706763
jain	['i_index', 'Scott_Symons', 'Banfeld_Raferty']	-0.29473684210526313
jain	['McClain_Rao', 'Dunns_index', 'Banfeld_Raferty']	-0.33233082706766914
ds4c2sc8	['SDBW', 'IIndex', 'Banfeld_Raferty']	0.47518796992481205
ds4c2sc8	['i_index', 'Scott_Symons', 'Banfeld_Raferty']	0.13834586466165413
ds4c2sc8	['SDBW', 'modified_hubert_t', 'Banfeld_Raferty']	0.010526315789473682
ds4c2sc8	['IIndex', 'modified_hubert_t', 'Banfeld_Raferty']	-0.14887218045112782
ds4c2sc8	['McClain_Rao', 'Dunns_index', 'Banfeld_Raferty']	-0.20902255639097742
dartboard2	['SDBW', 'IIndex', 'Banfeld_Raferty']	0.4481203007518797
dartboard2	['McClain_Rao', 'Dunns_index', 'Banfeld_Raferty']	-0.03458646616541353
dartboard2	['i_index', 'Scott_Symons', 'Banfeld_Raferty']	-0.2796992481203007
dartboard2	['IIndex', 'modified_hubert_t', 'Banfeld_Raferty']	-0.3293233082706767
dartboard2	['SDBW', 'modified_hubert_t', 'Banfeld_Raferty']	-0.37744360902255636
wingnut	['IIndex', 'modified_hubert_t', 'Banfeld_Raferty']	0.4330827067669173
wingnut	['i_index', 'Scott_Symons', 'Banfeld_Raferty']	0.33082706766917286
wingnut	['SDBW', 'modified_hubert_t', 'Banfeld_Raferty']	0.23458646616541348
wingnut	['SDBW', 'IIndex', 'Banfeld_Raferty']	0.1413533834586466
wingnut	['McClain_Rao', 'Dunns_index', 'Banfeld_Raferty']	-0.35488721804511275
atom	['SDBW', 'modified_hubert_t', 'Banfeld_Raferty']	1.0
atom	['McClain_Rao', 'Dunns_index', 'Banfeld_Raferty']	0.024060150375939848
atom	['IIndex', 'modified_hubert_t', 'Banfeld_Raferty']	0.007518796992481202
atom	['i_index', 'Scott_Symons', 'Banfeld_Raferty']	-0.07218045112781954
atom	['SDBW', 'IIndex', 'Banfeld_Raferty']	-0.30977443609022554
disk-4000n	['IIndex', 'modified_hubert_t', 'Banfeld_Raferty']	0.4421052631578947
disk-4000n	['SDBW', 'modified_hubert_t', 'Banfeld_Raferty']	0.17293233082706763
disk-4000n	['McClain_Rao', 'Dunns_index', 'Banfeld_Raferty']	-0.06616541353383458
disk-4000n	['i_index', 'Scott_Symons', 'Banfeld_Raferty']	-0.08872180451127819
disk-4000n	['SDBW', 'IIndex', 'Banfeld_Raferty']	-0.09473684210526315
zelnik3	['SDBW', 'IIndex', 'Banfeld_Raferty']	0.6300751879699248
zelnik3	['SDBW', 'modified_hubert_t', 'Banfeld_Raferty']	0.4451127819548871
zelnik3	['McClain_Rao', 'Dunns_index', 'Banfeld_Raferty']	-0.06766917293233082
zelnik3	['IIndex', 'modified_hubert_t', 'Banfeld_Raferty']	-0.11428571428571428
zelnik3	['i_index', 'Scott_Symons', 'Banfeld_Raferty']	-0.47518796992481205
disk-4500n	['SDBW', 'IIndex', 'Banfeld_Raferty']	0.23909774436090225
disk-4500n	['i_index', 'Scott_Symons', 'Banfeld_Raferty']	0.11278195488721804
disk-4500n	['SDBW', 'modified_hubert_t', 'Banfeld_Raferty']	-0.05263157894736842
disk-4500n	['McClain_Rao', 'Dunns_index', 'Banfeld_Raferty']	-0.0781954887218045
disk-4500n	['IIndex', 'modified_hubert_t', 'Banfeld_Raferty']	-0.26616541353383455
engytime	['SDBW', 'IIndex', 'Banfeld_Raferty']	0.6601503759398496
engytime	['IIndex', 'modified_hubert_t', 'Banfeld_Raferty']	0.40751879699248117
engytime	['SDBW', 'modified_hubert_t', 'Banfeld_Raferty']	0.38796992481203
engytime	['i_index', 'Scott_Symons', 'Banfeld_Raferty']	0.3443609022556391
engytime	['McClain_Rao', 'Dunns_index', 'Banfeld_Raferty']	-0.24060150375939846
xor	['SDBW', 'modified_hubert_t', 'Banfeld_Raferty']	1.0
xor	['SDBW', 'IIndex', 'Banfeld_Raferty']	0.4120300751879699
xor	['i_index', 'Scott_Symons', 'Banfeld_Raferty']	0.23458646616541348
xor	['IIndex', 'modified_hubert_t', 'Banfeld_Raferty']	0.06165413533834586
xor	['McClain_Rao', 'Dunns_index', 'Banfeld_Raferty']	0.009022556390977442
square1	['SDBW', 'modified_hubert_t', 'Banfeld_Raferty']	0.45714285714285713
square1	['SDBW', 'IIndex', 'Banfeld_Raferty']	0.43458646616541347
square1	['IIndex', 'modified_hubert_t', 'Banfeld_Raferty']	0.11879699248120301
square1	['i_index', 'Scott_Symons', 'Banfeld_Raferty']	-0.15488721804511277
square1	['McClain_Rao', 'Dunns_index', 'Banfeld_Raferty']	-0.26616541353383455
complex8	['SDBW', 'modified_hubert_t', 'Banfeld_Raferty']	0.6270676691729322
complex8	['McClain_Rao', 'Dunns_index', 'Banfeld_Raferty']	0.010526315789473682
complex8	['IIndex', 'modified_hubert_t', 'Banfeld_Raferty']	-0.013533834586466165
complex8	['SDBW', 'IIndex', 'Banfeld_Raferty']	-0.18345864661654135
complex8	['i_index', 'Scott_Symons', 'Banfeld_Raferty']	-0.35639097744360904
sizes4	['SDBW', 'modified_hubert_t', 'Banfeld_Raferty']	0.42105263157894735
sizes4	['SDBW', 'IIndex', 'Banfeld_Raferty']	0.24060150375939846
sizes4	['IIndex', 'modified_hubert_t', 'Banfeld_Raferty']	0.1744360902255639
sizes4	['i_index', 'Scott_Symons', 'Banfeld_Raferty']	0.13533834586466165
sizes4	['McClain_Rao', 'Dunns_index', 'Banfeld_Raferty']	-0.11278195488721804
blobs	['IIndex', 'modified_hubert_t', 'Banfeld_Raferty']	0.6511278195488721
blobs	['SDBW', 'modified_hubert_t', 'Banfeld_Raferty']	0.41353383458646614
blobs	['SDBW', 'IIndex', 'Banfeld_Raferty']	0.2781954887218045
blobs	['McClain_Rao', 'Dunns_index', 'Banfeld_Raferty']	-0.23308270676691725
blobs	['i_index', 'Scott_Symons', 'Banfeld_Raferty']	-0.28421052631578947
2d-3c-no123	['i_index', 'Scott_Symons', 'Banfeld_Raferty']	0.45112781954887216
2d-3c-no123	['SDBW', 'modified_hubert_t', 'Banfeld_Raferty']	0.32631578947368417
2d-3c-no123	['SDBW', 'IIndex', 'Banfeld_Raferty']	0.23458646616541348
2d-3c-no123	['IIndex', 'modified_hubert_t', 'Banfeld_Raferty']	0.11428571428571428
2d-3c-no123	['McClain_Rao', 'Dunns_index', 'Banfeld_Raferty']	-0.11578947368421053
smile2	['SDBW', 'modified_hubert_t', 'Banfeld_Raferty']	0.3639097744360902
smile2	['SDBW', 'IIndex', 'Banfeld_Raferty']	0.10225563909774435
smile2	['IIndex', 'modified_hubert_t', 'Banfeld_Raferty']	0.07218045112781954
smile2	['McClain_Rao', 'Dunns_index', 'Banfeld_Raferty']	-0.07518796992481201
smile2	['i_index', 'Scott_Symons', 'Banfeld_Raferty']	-0.20150375939849624
xclara	['i_index', 'Scott_Symons', 'Banfeld_Raferty']	0.556390977443609
xclara	['IIndex', 'modified_hubert_t', 'Banfeld_Raferty']	0.2857142857142857
xclara	['SDBW', 'modified_hubert_t', 'Banfeld_Raferty']	0.05714285714285714
xclara	['SDBW', 'IIndex', 'Banfeld_Raferty']	0.05563909774436089
xclara	['McClain_Rao', 'Dunns_index', 'Banfeld_Raferty']	-0.20601503759398496
dermatology	['SDBW', 'modified_hubert_t', 'Banfeld_Raferty']	1.0
dermatology	['McClain_Rao', 'Dunns_index', 'Banfeld_Raferty']	0.306766917293233
dermatology	['IIndex', 'modified_hubert_t', 'Banfeld_Raferty']	0.306766917293233
dermatology	['i_index', 'Scott_Symons', 'Banfeld_Raferty']	0.21353383458646616
dermatology	['SDBW', 'IIndex', 'Banfeld_Raferty']	-0.19548872180451127
disk-3000n	['SDBW', 'IIndex', 'Banfeld_Raferty']	0.5458646616541353
disk-3000n	['SDBW', 'modified_hubert_t', 'Banfeld_Raferty']	0.24812030075187969
disk-3000n	['IIndex', 'modified_hubert_t', 'Banfeld_Raferty']	0.1969924812030075
disk-3000n	['i_index', 'Scott_Symons', 'Banfeld_Raferty']	0.07518796992481201
disk-3000n	['McClain_Rao', 'Dunns_index', 'Banfeld_Raferty']	-0.2421052631578947
elly-2d10c13s	['IIndex', 'modified_hubert_t', 'Banfeld_Raferty']	0.32631578947368417
elly-2d10c13s	['SDBW', 'IIndex', 'Banfeld_Raferty']	0.1639097744360902
elly-2d10c13s	['SDBW', 'modified_hubert_t', 'Banfeld_Raferty']	0.07218045112781954
elly-2d10c13s	['i_index', 'Scott_Symons', 'Banfeld_Raferty']	-0.05263157894736842
elly-2d10c13s	['McClain_Rao', 'Dunns_index', 'Banfeld_Raferty']	-0.13684210526315788
donut3	['IIndex', 'modified_hubert_t', 'Banfeld_Raferty']	0.007518796992481202
donut3	['SDBW', 'modified_hubert_t', 'Banfeld_Raferty']	-0.09323308270676692
donut3	['SDBW', 'IIndex', 'Banfeld_Raferty']	-0.1533834586466165
donut3	['McClain_Rao', 'Dunns_index', 'Banfeld_Raferty']	-0.17593984962406017
donut3	['i_index', 'Scott_Symons', 'Banfeld_Raferty']	-0.3443609022556391
2d-20c-no0	['SDBW', 'modified_hubert_t', 'Banfeld_Raferty']	1.0
2d-20c-no0	['SDBW', 'IIndex', 'Banfeld_Raferty']	0.46917293233082696
2d-20c-no0	['McClain_Rao', 'Dunns_index', 'Banfeld_Raferty']	0.4541353383458646
2d-20c-no0	['IIndex', 'modified_hubert_t', 'Banfeld_Raferty']	0.34285714285714286
2d-20c-no0	['i_index', 'Scott_Symons', 'Banfeld_Raferty']	0.21052631578947367
twenty	['SDBW', 'modified_hubert_t', 'Banfeld_Raferty']	1.0
twenty	['SDBW', 'IIndex', 'Banfeld_Raferty']	0.15939849624060148
twenty	['IIndex', 'modified_hubert_t', 'Banfeld_Raferty']	0.15939849624060148
twenty	['i_index', 'Scott_Symons', 'Banfeld_Raferty']	0.15488721804511277
twenty	['McClain_Rao', 'Dunns_index', 'Banfeld_Raferty']	0.022556390977443608
rings	['IIndex', 'modified_hubert_t', 'Banfeld_Raferty']	0.20300751879699244
rings	['i_index', 'Scott_Symons', 'Banfeld_Raferty']	0.17593984962406017
rings	['SDBW', 'modified_hubert_t', 'Banfeld_Raferty']	0.1533834586466165
rings	['SDBW', 'IIndex', 'Banfeld_Raferty']	0.04360902255639097
rings	['McClain_Rao', 'Dunns_index', 'Banfeld_Raferty']	-0.07218045112781954
zelnik6	['McClain_Rao', 'Dunns_index', 'Banfeld_Raferty']	-0.13233082706766916
zelnik6	['i_index', 'Scott_Symons', 'Banfeld_Raferty']	-0.13383458646616542
zelnik6	['SDBW', 'modified_hubert_t', 'Banfeld_Raferty']	-0.15939849624060148
zelnik6	['IIndex', 'modified_hubert_t', 'Banfeld_Raferty']	-0.1639097744360902
zelnik6	['SDBW', 'IIndex', 'Banfeld_Raferty']	-0.2796992481203007
ds577	['SDBW', 'IIndex', 'Banfeld_Raferty']	0.40751879699248117
ds577	['SDBW', 'modified_hubert_t', 'Banfeld_Raferty']	0.08120300751879699
ds577	['i_index', 'Scott_Symons', 'Banfeld_Raferty']	-0.05563909774436089
ds577	['IIndex', 'modified_hubert_t', 'Banfeld_Raferty']	-0.060150375939849614
ds577	['McClain_Rao', 'Dunns_index', 'Banfeld_Raferty']	-0.10526315789473684
hepta	['SDBW', 'modified_hubert_t', 'Banfeld_Raferty']	0.6075187969924812
hepta	['IIndex', 'modified_hubert_t', 'Banfeld_Raferty']	0.40451127819548865
hepta	['i_index', 'Scott_Symons', 'Banfeld_Raferty']	0.23458646616541348
hepta	['SDBW', 'IIndex', 'Banfeld_Raferty']	-0.003007518796992481
hepta	['McClain_Rao', 'Dunns_index', 'Banfeld_Raferty']	-0.14285714285714285
3-spiral	['SDBW', 'modified_hubert_t', 'Banfeld_Raferty']	1.0
3-spiral	['i_index', 'Scott_Symons', 'Banfeld_Raferty']	0.5203007518796992
3-spiral	['SDBW', 'IIndex', 'Banfeld_Raferty']	0.3233082706766917
3-spiral	['McClain_Rao', 'Dunns_index', 'Banfeld_Raferty']	0.05563909774436089
3-spiral	['IIndex', 'modified_hubert_t', 'Banfeld_Raferty']	-0.20601503759398496
longsquare	['IIndex', 'modified_hubert_t', 'Banfeld_Raferty']	0.20300751879699244
longsquare	['SDBW', 'IIndex', 'Banfeld_Raferty']	0.14436090225563908
longsquare	['SDBW', 'modified_hubert_t', 'Banfeld_Raferty']	0.11879699248120301
longsquare	['i_index', 'Scott_Symons', 'Banfeld_Raferty']	-0.13233082706766916
longsquare	['McClain_Rao', 'Dunns_index', 'Banfeld_Raferty']	-0.20150375939849624
ecoli	['IIndex', 'modified_hubert_t', 'Banfeld_Raferty']	-0.05263157894736842
ecoli	['i_index', 'Scott_Symons', 'Banfeld_Raferty']	-0.06616541353383458
ecoli	['McClain_Rao', 'Dunns_index', 'Banfeld_Raferty']	-0.08571428571428572
ecoli	['SDBW', 'modified_hubert_t', 'Banfeld_Raferty']	-0.09022556390977443
ecoli	['SDBW', 'IIndex', 'Banfeld_Raferty']	-0.1819548872180451
glass	['SDBW', 'modified_hubert_t', 'Banfeld_Raferty']	1.0
glass	['SDBW', 'IIndex', 'Banfeld_Raferty']	0.156390977443609
glass	['i_index', 'Scott_Symons', 'Banfeld_Raferty']	0.1533834586466165
glass	['IIndex', 'modified_hubert_t', 'Banfeld_Raferty']	0.14586466165413534
glass	['McClain_Rao', 'Dunns_index', 'Banfeld_Raferty']	-0.3142857142857143
disk-4600n	['SDBW', 'modified_hubert_t', 'Banfeld_Raferty']	0.43909774436090226
disk-4600n	['i_index', 'Scott_Symons', 'Banfeld_Raferty']	0.24962406015037594
disk-4600n	['SDBW', 'IIndex', 'Banfeld_Raferty']	0.14586466165413534
disk-4600n	['McClain_Rao', 'Dunns_index', 'Banfeld_Raferty']	-0.06766917293233082
disk-4600n	['IIndex', 'modified_hubert_t', 'Banfeld_Raferty']	-0.10375939849624059
cuboids	['SDBW', 'IIndex', 'Banfeld_Raferty']	0.38496240601503756
cuboids	['i_index', 'Scott_Symons', 'Banfeld_Raferty']	0.24511278195488717
cuboids	['SDBW', 'modified_hubert_t', 'Banfeld_Raferty']	0.21804511278195485
cuboids	['McClain_Rao', 'Dunns_index', 'Banfeld_Raferty']	-0.006015037593984962
cuboids	['IIndex', 'modified_hubert_t', 'Banfeld_Raferty']	-0.02706766917293233
sizes1	['McClain_Rao', 'Dunns_index', 'Banfeld_Raferty']	0.33383458646616543
sizes1	['SDBW', 'modified_hubert_t', 'Banfeld_Raferty']	0.2300751879699248
sizes1	['IIndex', 'modified_hubert_t', 'Banfeld_Raferty']	0.1894736842105263
sizes1	['i_index', 'Scott_Symons', 'Banfeld_Raferty']	0.15939849624060148
sizes1	['SDBW', 'IIndex', 'Banfeld_Raferty']	0.04360902255639097
simplex	['SDBW', 'modified_hubert_t', 'Banfeld_Raferty']	0.5308270676691729
simplex	['McClain_Rao', 'Dunns_index', 'Banfeld_Raferty']	0.16691729323308271
simplex	['SDBW', 'IIndex', 'Banfeld_Raferty']	0.10225563909774435
simplex	['IIndex', 'modified_hubert_t', 'Banfeld_Raferty']	0.07518796992481201
simplex	['i_index', 'Scott_Symons', 'Banfeld_Raferty']	-0.06917293233082707
long3	['McClain_Rao', 'Dunns_index', 'Banfeld_Raferty']	0.2902255639097744
long3	['IIndex', 'modified_hubert_t', 'Banfeld_Raferty']	0.2646616541353383
long3	['SDBW', 'modified_hubert_t', 'Banfeld_Raferty']	0.20300751879699244
long3	['i_index', 'Scott_Symons', 'Banfeld_Raferty']	-0.015037593984962403
long3	['SDBW', 'IIndex', 'Banfeld_Raferty']	-0.37293233082706767
cluto-t5-8k	['SDBW', 'IIndex', 'Banfeld_Raferty']	0.4842105263157894
cluto-t5-8k	['i_index', 'Scott_Symons', 'Banfeld_Raferty']	0.37744360902255636
cluto-t5-8k	['IIndex', 'modified_hubert_t', 'Banfeld_Raferty']	0.16691729323308271
cluto-t5-8k	['SDBW', 'modified_hubert_t', 'Banfeld_Raferty']	0.09624060150375939
cluto-t5-8k	['McClain_Rao', 'Dunns_index', 'Banfeld_Raferty']	-0.30225563909774433
cure-t0-2000n-2D	['i_index', 'Scott_Symons', 'Banfeld_Raferty']	0.2601503759398496
cure-t0-2000n-2D	['SDBW', 'modified_hubert_t', 'Banfeld_Raferty']	0.16691729323308271
cure-t0-2000n-2D	['SDBW', 'IIndex', 'Banfeld_Raferty']	0.021052631578947364
cure-t0-2000n-2D	['IIndex', 'modified_hubert_t', 'Banfeld_Raferty']	-0.20902255639097742
cure-t0-2000n-2D	['McClain_Rao', 'Dunns_index', 'Banfeld_Raferty']	-0.6090225563909774
3MC	['SDBW', 'IIndex', 'Banfeld_Raferty']	0.4977443609022556
3MC	['McClain_Rao', 'Dunns_index', 'Banfeld_Raferty']	0.3744360902255639
3MC	['IIndex', 'modified_hubert_t', 'Banfeld_Raferty']	0.1969924812030075
3MC	['SDBW', 'modified_hubert_t', 'Banfeld_Raferty']	0.030075187969924807
3MC	['i_index', 'Scott_Symons', 'Banfeld_Raferty']	0.019548872180451125
long1	['IIndex', 'modified_hubert_t', 'Banfeld_Raferty']	0.10977443609022557
long1	['SDBW', 'modified_hubert_t', 'Banfeld_Raferty']	0.06466165413533834
long1	['McClain_Rao', 'Dunns_index', 'Banfeld_Raferty']	-0.03157894736842105
long1	['SDBW', 'IIndex', 'Banfeld_Raferty']	-0.08721804511278194
long1	['i_index', 'Scott_Symons', 'Banfeld_Raferty']	-0.3278195488721804
segment	['SDBW', 'modified_hubert_t', 'Banfeld_Raferty']	0.2646616541353383
segment	['SDBW', 'IIndex', 'Banfeld_Raferty']	0.24060150375939846
segment	['i_index', 'Scott_Symons', 'Banfeld_Raferty']	0.024060150375939848
segment	['IIndex', 'modified_hubert_t', 'Banfeld_Raferty']	-0.09473684210526315
segment	['McClain_Rao', 'Dunns_index', 'Banfeld_Raferty']	-0.17142857142857143
triangle1	['McClain_Rao', 'Dunns_index', 'Banfeld_Raferty']	0.38646616541353385
triangle1	['SDBW', 'modified_hubert_t', 'Banfeld_Raferty']	0.3488721804511278
triangle1	['IIndex', 'modified_hubert_t', 'Banfeld_Raferty']	0.1263157894736842
triangle1	['SDBW', 'IIndex', 'Banfeld_Raferty']	-0.10375939849624059
triangle1	['i_index', 'Scott_Symons', 'Banfeld_Raferty']	-0.21052631578947367
dense-disk-5000	['SDBW', 'modified_hubert_t', 'Banfeld_Raferty']	0.6977443609022556
dense-disk-5000	['i_index', 'Scott_Symons', 'Banfeld_Raferty']	0.06766917293233082
dense-disk-5000	['McClain_Rao', 'Dunns_index', 'Banfeld_Raferty']	0.04360902255639097
dense-disk-5000	['SDBW', 'IIndex', 'Banfeld_Raferty']	-0.025563909774436087
dense-disk-5000	['IIndex', 'modified_hubert_t', 'Banfeld_Raferty']	-0.05563909774436089
ds2c2sc13	['SDBW', 'modified_hubert_t', 'Banfeld_Raferty']	1.0
ds2c2sc13	['McClain_Rao', 'Dunns_index', 'Banfeld_Raferty']	0.18796992481203004
ds2c2sc13	['SDBW', 'IIndex', 'Banfeld_Raferty']	0.09473684210526315
ds2c2sc13	['IIndex', 'modified_hubert_t', 'Banfeld_Raferty']	-0.018045112781954885
ds2c2sc13	['i_index', 'Scott_Symons', 'Banfeld_Raferty']	-0.3233082706766917
sizes5	['SDBW', 'modified_hubert_t', 'Banfeld_Raferty']	0.29473684210526313
sizes5	['SDBW', 'IIndex', 'Banfeld_Raferty']	0.2796992481203007
sizes5	['McClain_Rao', 'Dunns_index', 'Banfeld_Raferty']	0.12330827067669171
sizes5	['IIndex', 'modified_hubert_t', 'Banfeld_Raferty']	0.06466165413533834
sizes5	['i_index', 'Scott_Symons', 'Banfeld_Raferty']	0.037593984962406006
dpb	['i_index', 'Scott_Symons', 'Banfeld_Raferty']	0.3759398496240601
dpb	['IIndex', 'modified_hubert_t', 'Banfeld_Raferty']	0.29323308270676685
dpb	['SDBW', 'modified_hubert_t', 'Banfeld_Raferty']	0.10526315789473684
dpb	['SDBW', 'IIndex', 'Banfeld_Raferty']	0.013533834586466165
dpb	['McClain_Rao', 'Dunns_index', 'Banfeld_Raferty']	-0.38646616541353385
cluto-t8-8k	['SDBW', 'modified_hubert_t', 'Banfeld_Raferty']	0.23458646616541348
cluto-t8-8k	['McClain_Rao', 'Dunns_index', 'Banfeld_Raferty']	0.13533834586466165
cluto-t8-8k	['i_index', 'Scott_Symons', 'Banfeld_Raferty']	0.09022556390977443
cluto-t8-8k	['IIndex', 'modified_hubert_t', 'Banfeld_Raferty']	0.02857142857142857
cluto-t8-8k	['SDBW', 'IIndex', 'Banfeld_Raferty']	-0.2526315789473684
sonar	['SDBW', 'modified_hubert_t', 'Banfeld_Raferty']	1.0
sonar	['IIndex', 'modified_hubert_t', 'Banfeld_Raferty']	-0.13233082706766916
sonar	['i_index', 'Scott_Symons', 'Banfeld_Raferty']	-0.16240601503759397
sonar	['McClain_Rao', 'Dunns_index', 'Banfeld_Raferty']	-0.18796992481203004
sonar	['SDBW', 'IIndex', 'Banfeld_Raferty']	-0.33233082706766914
square4	['i_index', 'Scott_Symons', 'Banfeld_Raferty']	0.6345864661654135
square4	['SDBW', 'modified_hubert_t', 'Banfeld_Raferty']	0.6075187969924812
square4	['IIndex', 'modified_hubert_t', 'Banfeld_Raferty']	0.6075187969924812
square4	['SDBW', 'IIndex', 'Banfeld_Raferty']	0.3669172932330827
square4	['McClain_Rao', 'Dunns_index', 'Banfeld_Raferty']	0.11578947368421053
2d-4c-no4	['SDBW', 'modified_hubert_t', 'Banfeld_Raferty']	0.43909774436090226
2d-4c-no4	['SDBW', 'IIndex', 'Banfeld_Raferty']	0.38646616541353385
2d-4c-no4	['McClain_Rao', 'Dunns_index', 'Banfeld_Raferty']	0.12932330827067667
2d-4c-no4	['i_index', 'Scott_Symons', 'Banfeld_Raferty']	0.04661654135338346
2d-4c-no4	['IIndex', 'modified_hubert_t', 'Banfeld_Raferty']	0.04060150375939849
iono	['SDBW', 'modified_hubert_t', 'Banfeld_Raferty']	0.35488721804511275
iono	['IIndex', 'modified_hubert_t', 'Banfeld_Raferty']	0.013533834586466165
iono	['i_index', 'Scott_Symons', 'Banfeld_Raferty']	0.013533834586466165
iono	['SDBW', 'IIndex', 'Banfeld_Raferty']	-0.024060150375939848
iono	['McClain_Rao', 'Dunns_index', 'Banfeld_Raferty']	-0.07218045112781954
DS-850	['i_index', 'Scott_Symons', 'Banfeld_Raferty']	0.3669172932330827
DS-850	['SDBW', 'IIndex', 'Banfeld_Raferty']	0.3533834586466165
DS-850	['IIndex', 'modified_hubert_t', 'Banfeld_Raferty']	0.24812030075187969
DS-850	['SDBW', 'modified_hubert_t', 'Banfeld_Raferty']	0.19999999999999998
DS-850	['McClain_Rao', 'Dunns_index', 'Banfeld_Raferty']	0.05714285714285714
cluto-t7-10k	['i_index', 'Scott_Symons', 'Banfeld_Raferty']	0.42255639097744363
cluto-t7-10k	['SDBW', 'IIndex', 'Banfeld_Raferty']	0.3578947368421052
cluto-t7-10k	['SDBW', 'modified_hubert_t', 'Banfeld_Raferty']	0.22857142857142856
cluto-t7-10k	['IIndex', 'modified_hubert_t', 'Banfeld_Raferty']	-0.28120300751879695
cluto-t7-10k	['McClain_Rao', 'Dunns_index', 'Banfeld_Raferty']	-0.3142857142857143
gaussians1	['IIndex', 'modified_hubert_t', 'Banfeld_Raferty']	0.4030075187969925
gaussians1	['SDBW', 'modified_hubert_t', 'Banfeld_Raferty']	0.33082706766917286
gaussians1	['SDBW', 'IIndex', 'Banfeld_Raferty']	0.3082706766917293
gaussians1	['i_index', 'Scott_Symons', 'Banfeld_Raferty']	-0.04210526315789473
gaussians1	['McClain_Rao', 'Dunns_index', 'Banfeld_Raferty']	-0.0706766917293233
twodiamonds	['SDBW', 'IIndex', 'Banfeld_Raferty']	0.6706766917293233
twodiamonds	['SDBW', 'modified_hubert_t', 'Banfeld_Raferty']	0.35488721804511275
twodiamonds	['IIndex', 'modified_hubert_t', 'Banfeld_Raferty']	0.24661654135338343
twodiamonds	['McClain_Rao', 'Dunns_index', 'Banfeld_Raferty']	0.15789473684210525
twodiamonds	['i_index', 'Scott_Symons', 'Banfeld_Raferty']	-0.013533834586466165
dense-disk-3000	['SDBW', 'modified_hubert_t', 'Banfeld_Raferty']	1.0
dense-disk-3000	['IIndex', 'modified_hubert_t', 'Banfeld_Raferty']	0.3578947368421052
dense-disk-3000	['SDBW', 'IIndex', 'Banfeld_Raferty']	0.3533834586466165
dense-disk-3000	['i_index', 'Scott_Symons', 'Banfeld_Raferty']	0.13834586466165413
dense-disk-3000	['McClain_Rao', 'Dunns_index', 'Banfeld_Raferty']	-0.29323308270676685
cassini	['IIndex', 'modified_hubert_t', 'Banfeld_Raferty']	0.22556390977443608
cassini	['McClain_Rao', 'Dunns_index', 'Banfeld_Raferty']	0.22105263157894736
cassini	['SDBW', 'IIndex', 'Banfeld_Raferty']	0.021052631578947364
cassini	['SDBW', 'modified_hubert_t', 'Banfeld_Raferty']	-0.07218045112781954
cassini	['i_index', 'Scott_Symons', 'Banfeld_Raferty']	-0.10375939849624059
disk-5000n	['SDBW', 'IIndex', 'Banfeld_Raferty']	0.58796992481203
disk-5000n	['SDBW', 'modified_hubert_t', 'Banfeld_Raferty']	0.32481203007518794
disk-5000n	['IIndex', 'modified_hubert_t', 'Banfeld_Raferty']	0.20601503759398496
disk-5000n	['i_index', 'Scott_Symons', 'Banfeld_Raferty']	0.20300751879699244
disk-5000n	['McClain_Rao', 'Dunns_index', 'Banfeld_Raferty']	-0.38496240601503756
zelnik1	['McClain_Rao', 'Dunns_index', 'Banfeld_Raferty']	0.04210526315789473
zelnik1	['SDBW', 'modified_hubert_t', 'Banfeld_Raferty']	-0.0015037593984962405
zelnik1	['i_index', 'Scott_Symons', 'Banfeld_Raferty']	-0.0015037593984962405
zelnik1	['SDBW', 'IIndex', 'Banfeld_Raferty']	-0.018045112781954885
zelnik1	['IIndex', 'modified_hubert_t', 'Banfeld_Raferty']	-0.02857142857142857
sizes3	['SDBW', 'IIndex', 'Banfeld_Raferty']	0.3639097744360902
sizes3	['IIndex', 'modified_hubert_t', 'Banfeld_Raferty']	0.3488721804511278
sizes3	['SDBW', 'modified_hubert_t', 'Banfeld_Raferty']	0.30225563909774433
sizes3	['i_index', 'Scott_Symons', 'Banfeld_Raferty']	0.08120300751879699
sizes3	['McClain_Rao', 'Dunns_index', 'Banfeld_Raferty']	-0.08421052631578946
2d-4c-no9	['IIndex', 'modified_hubert_t', 'Banfeld_Raferty']	0.40451127819548865
2d-4c-no9	['SDBW', 'modified_hubert_t', 'Banfeld_Raferty']	0.39097744360902253
2d-4c-no9	['SDBW', 'IIndex', 'Banfeld_Raferty']	0.28872180451127816
2d-4c-no9	['McClain_Rao', 'Dunns_index', 'Banfeld_Raferty']	-0.04360902255639097
2d-4c-no9	['i_index', 'Scott_Symons', 'Banfeld_Raferty']	-0.21654135338345865
disk-6000n	['SDBW', 'modified_hubert_t', 'Banfeld_Raferty']	0.37744360902255636
disk-6000n	['McClain_Rao', 'Dunns_index', 'Banfeld_Raferty']	0.004511278195488721
disk-6000n	['i_index', 'Scott_Symons', 'Banfeld_Raferty']	0.0015037593984962405
disk-6000n	['IIndex', 'modified_hubert_t', 'Banfeld_Raferty']	-0.20300751879699244
disk-6000n	['SDBW', 'IIndex', 'Banfeld_Raferty']	-0.22556390977443608
ds3c3sc6	['SDBW', 'IIndex', 'Banfeld_Raferty']	0.37293233082706767
ds3c3sc6	['IIndex', 'modified_hubert_t', 'Banfeld_Raferty']	0.3609022556390977
ds3c3sc6	['SDBW', 'modified_hubert_t', 'Banfeld_Raferty']	0.3233082706766917
ds3c3sc6	['McClain_Rao', 'Dunns_index', 'Banfeld_Raferty']	0.08872180451127819
ds3c3sc6	['i_index', 'Scott_Symons', 'Banfeld_Raferty']	-0.08270676691729321
DS-577	['IIndex', 'modified_hubert_t', 'Banfeld_Raferty']	0.24661654135338343
DS-577	['McClain_Rao', 'Dunns_index', 'Banfeld_Raferty']	0.10676691729323308
DS-577	['SDBW', 'modified_hubert_t', 'Banfeld_Raferty']	0.0
DS-577	['i_index', 'Scott_Symons', 'Banfeld_Raferty']	-0.04210526315789473
DS-577	['SDBW', 'IIndex', 'Banfeld_Raferty']	-0.13383458646616542
cure-t2-4k	['i_index', 'Scott_Symons', 'Banfeld_Raferty']	0.23308270676691725
cure-t2-4k	['McClain_Rao', 'Dunns_index', 'Banfeld_Raferty']	0.22857142857142856
cure-t2-4k	['IIndex', 'modified_hubert_t', 'Banfeld_Raferty']	0.18345864661654135
cure-t2-4k	['SDBW', 'IIndex', 'Banfeld_Raferty']	0.021052631578947364
cure-t2-4k	['SDBW', 'modified_hubert_t', 'Banfeld_Raferty']	-0.21954887218045113
2d-4c	['IIndex', 'modified_hubert_t', 'Banfeld_Raferty']	0.7353383458646616
2d-4c	['SDBW', 'IIndex', 'Banfeld_Raferty']	0.3203007518796992
2d-4c	['SDBW', 'modified_hubert_t', 'Banfeld_Raferty']	0.11428571428571428
2d-4c	['i_index', 'Scott_Symons', 'Banfeld_Raferty']	0.06917293233082707
2d-4c	['McClain_Rao', 'Dunns_index', 'Banfeld_Raferty']	-0.21052631578947367
d31	['SDBW', 'modified_hubert_t', 'Banfeld_Raferty']	1.0
d31	['i_index', 'Scott_Symons', 'Banfeld_Raferty']	0.2150375939849624
d31	['SDBW', 'IIndex', 'Banfeld_Raferty']	-0.037593984962406006
d31	['IIndex', 'modified_hubert_t', 'Banfeld_Raferty']	-0.09022556390977443
d31	['McClain_Rao', 'Dunns_index', 'Banfeld_Raferty']	-0.18045112781954886
square2	['IIndex', 'modified_hubert_t', 'Banfeld_Raferty']	0.4842105263157894
square2	['SDBW', 'IIndex', 'Banfeld_Raferty']	0.3804511278195489
square2	['SDBW', 'modified_hubert_t', 'Banfeld_Raferty']	0.14285714285714285
square2	['i_index', 'Scott_Symons', 'Banfeld_Raferty']	0.13383458646616542
square2	['McClain_Rao', 'Dunns_index', 'Banfeld_Raferty']	-0.06917293233082707
cure-t1-2000n-2D	['SDBW', 'IIndex', 'Banfeld_Raferty']	0.37744360902255636
cure-t1-2000n-2D	['i_index', 'Scott_Symons', 'Banfeld_Raferty']	0.3203007518796992
cure-t1-2000n-2D	['IIndex', 'modified_hubert_t', 'Banfeld_Raferty']	0.02857142857142857
cure-t1-2000n-2D	['McClain_Rao', 'Dunns_index', 'Banfeld_Raferty']	-0.12030075187969923
cure-t1-2000n-2D	['SDBW', 'modified_hubert_t', 'Banfeld_Raferty']	-0.19849624060150375
aggregation	['SDBW', 'modified_hubert_t', 'Banfeld_Raferty']	0.35939849624060144
aggregation	['IIndex', 'modified_hubert_t', 'Banfeld_Raferty']	0.35037593984962395
aggregation	['SDBW', 'IIndex', 'Banfeld_Raferty']	0.09774436090225563
aggregation	['i_index', 'Scott_Symons', 'Banfeld_Raferty']	-0.010526315789473682
aggregation	['McClain_Rao', 'Dunns_index', 'Banfeld_Raferty']	-0.20300751879699244
spiral	['SDBW', 'modified_hubert_t', 'Banfeld_Raferty']	1.0
spiral	['IIndex', 'modified_hubert_t', 'Banfeld_Raferty']	0.26165413533834586
spiral	['SDBW', 'IIndex', 'Banfeld_Raferty']	0.13233082706766916
spiral	['i_index', 'Scott_Symons', 'Banfeld_Raferty']	-0.03609022556390977
spiral	['McClain_Rao', 'Dunns_index', 'Banfeld_Raferty']	-0.15488721804511277
target	['IIndex', 'modified_hubert_t', 'Banfeld_Raferty']	0.4601503759398496
target	['McClain_Rao', 'Dunns_index', 'Banfeld_Raferty']	0.2827067669172932
target	['SDBW', 'IIndex', 'Banfeld_Raferty']	0.26766917293233083
target	['SDBW', 'modified_hubert_t', 'Banfeld_Raferty']	0.22406015037593985
target	['i_index', 'Scott_Symons', 'Banfeld_Raferty']	0.04360902255639097
square3	['IIndex', 'modified_hubert_t', 'Banfeld_Raferty']	0.6661654135338345
square3	['SDBW', 'modified_hubert_t', 'Banfeld_Raferty']	0.5007518796992482
square3	['SDBW', 'IIndex', 'Banfeld_Raferty']	0.3789473684210526
square3	['i_index', 'Scott_Symons', 'Banfeld_Raferty']	0.2601503759398496
square3	['McClain_Rao', 'Dunns_index', 'Banfeld_Raferty']	-0.12932330827067667
heart-statlog	['SDBW', 'modified_hubert_t', 'Banfeld_Raferty']	1.0
heart-statlog	['McClain_Rao', 'Dunns_index', 'Banfeld_Raferty']	0.28872180451127816
heart-statlog	['IIndex', 'modified_hubert_t', 'Banfeld_Raferty']	-0.21353383458646616
heart-statlog	['i_index', 'Scott_Symons', 'Banfeld_Raferty']	-0.23308270676691725
heart-statlog	['SDBW', 'IIndex', 'Banfeld_Raferty']	-0.5007518796992482
donutcurves	['SDBW', 'modified_hubert_t', 'Banfeld_Raferty']	1.0
donutcurves	['i_index', 'Scott_Symons', 'Banfeld_Raferty']	0.17593984962406017
donutcurves	['SDBW', 'IIndex', 'Banfeld_Raferty']	-0.06466165413533834
donutcurves	['IIndex', 'modified_hubert_t', 'Banfeld_Raferty']	-0.09624060150375939
donutcurves	['McClain_Rao', 'Dunns_index', 'Banfeld_Raferty']	-0.5338345864661653
threenorm	['IIndex', 'modified_hubert_t', 'Banfeld_Raferty']	0.6676691729323309
threenorm	['SDBW', 'IIndex', 'Banfeld_Raferty']	0.15037593984962402
threenorm	['SDBW', 'modified_hubert_t', 'Banfeld_Raferty']	0.10526315789473684
threenorm	['McClain_Rao', 'Dunns_index', 'Banfeld_Raferty']	-0.193984962406015
threenorm	['i_index', 'Scott_Symons', 'Banfeld_Raferty']	-0.2796992481203007
dpc	['i_index', 'Scott_Symons', 'Banfeld_Raferty']	0.35488721804511275
dpc	['IIndex', 'modified_hubert_t', 'Banfeld_Raferty']	0.3203007518796992
dpc	['SDBW', 'IIndex', 'Banfeld_Raferty']	0.07969924812030074
dpc	['SDBW', 'modified_hubert_t', 'Banfeld_Raferty']	-0.14285714285714285
dpc	['McClain_Rao', 'Dunns_index', 'Banfeld_Raferty']	-0.21353383458646616
triangle2	['IIndex', 'modified_hubert_t', 'Banfeld_Raferty']	0.4330827067669173
triangle2	['i_index', 'Scott_Symons', 'Banfeld_Raferty']	0.4195488721804511
triangle2	['SDBW', 'modified_hubert_t', 'Banfeld_Raferty']	-0.018045112781954885
triangle2	['McClain_Rao', 'Dunns_index', 'Banfeld_Raferty']	-0.15037593984962402
triangle2	['SDBW', 'IIndex', 'Banfeld_Raferty']	-0.2646616541353383
shapes	['SDBW', 'modified_hubert_t', 'Banfeld_Raferty']	0.41804511278195483
shapes	['IIndex', 'modified_hubert_t', 'Banfeld_Raferty']	0.18646616541353384
shapes	['SDBW', 'IIndex', 'Banfeld_Raferty']	-0.018045112781954885
shapes	['i_index', 'Scott_Symons', 'Banfeld_Raferty']	-0.22556390977443608
shapes	['McClain_Rao', 'Dunns_index', 'Banfeld_Raferty']	-0.2902255639097744
square5	['i_index', 'Scott_Symons', 'Banfeld_Raferty']	0.38496240601503756
square5	['SDBW', 'modified_hubert_t', 'Banfeld_Raferty']	0.3082706766917293
square5	['SDBW', 'IIndex', 'Banfeld_Raferty']	0.29624060150375936
square5	['IIndex', 'modified_hubert_t', 'Banfeld_Raferty']	0.2827067669172932
square5	['McClain_Rao', 'Dunns_index', 'Banfeld_Raferty']	-0.5022556390977443
